Paper_ID,Lake,Species,Morph_zone,Morph_diet,GRc_mean,GRc_n,GRc_e,GRc_e_type,C13_mean,C13_n,C13_e,C13_e_type,N15_mean,N15_n,N15_e,N15_e_type,length_mean,length_n,length_e,length_e_type,length_units,length_type,age,age_n,age_e,age_e_type
234B,Aigneau,Salvelinus_alpinus,littoral/benthic,benthivore,NA,NA,NA,NA,-26.61,20,0.13,SE,9.35,20,0.08,SE,217,56,2,SE,cm,fork,4.2,56,0.1,SE
234B,Aigneau,Salvelinus_alpinus,profundal,piscivore,NA,NA,NA,NA,-26.13,20,0.11,SE,12.51,20,0.12,SE,539,20,18,SE,cm,fork,10.2,20,0.9,SE
373B,Athapapuskow,Coregonus_artedi,shallow,NA,46.09,16,2.99,SD,NA,NA,NA,NA,NA,NA,NA,NA,2.27,16,0.063,SD,log_mm,fork_logtransformed,NA,NA,NA,NA
373B,Athapapuskow,Coregonus_artedi,generalist,NA,29.46,37,2.81,SD,NA,NA,NA,NA,NA,NA,NA,NA,2.16,37,0.045,SD,log_mm,fork_logtransformed,NA,NA,NA,NA
122A,Awe,Salvelinus_alpinus,pelagic,planktivore,NA,NA,NA,NA,-29.89,43,0.29,SE,10.79,43,0.27,SE,NA,NA,NA,NA,NA,NA,4.7,43,0.2,SE
122A,Awe,Salvelinus_alpinus,littoral/benthic,benthivore,NA,NA,NA,NA,-28.39,34,0.29,SE,13.72,34,0.4,SE,NA,NA,NA,NA,NA,NA,3.2,34,0.3,SE
186A,BaiedesOnzeIles,Salvelinus_fontinalis,littoral/benthic,NA,NA,NA,NA,NA,NA,NA,NA,NA,NA,NA,NA,NA,278,27,27.4,SD,mm,NA,2.3,20,0.5,SE
186A,BaiedesOnzeIles,Salvelinus_fontinalis,pelagic,NA,NA,NA,NA,NA,NA,NA,NA,NA,NA,NA,NA,NA,287.8,20,33,SD,mm,NA,2.5,27,0.7,SE
255A,Barrow,Coregonus_artedi,NA,benthivore,40.5,19,1.5,SD,NA,NA,NA,NA,NA,NA,NA,NA,NA,NA,NA,NA,NA,NA,NA,NA,NA,NA
255A,Barrow,Coregonus_artedi,NA,planktivore,47.8,74,2.2,SD,NA,NA,NA,NA,NA,NA,NA,NA,NA,NA,NA,NA,NA,NA,NA,NA,NA,NA
37C,Biel,Coregonus_lavaretus,NA,NA,33.14,7,1.46,SD,NA,NA,NA,NA,NA,NA,NA,NA,NA,NA,NA,NA,NA,NA,NA,NA,NA,NA
37C,Biel,Coregonus_lavaretus,NA,NA,25.17,6,1.47,SD,NA,NA,NA,NA,NA,NA,NA,NA,NA,NA,NA,NA,NA,NA,NA,NA,NA,NA
03C,Bolshoe,Salvelinus_malma,NA,piscivore,NA,NA,NA,NA,NA,NA,NA,NA,NA,NA,NA,NA,368,10,12.2,SE,mm,fork,8.3,10,0.3,SE
03C,Bolshoe,Salvelinus_malma,NA,planktivore,NA,NA,NA,NA,NA,NA,NA,NA,NA,NA,NA,NA,268,38,3.6,SE,mm,fork,5.9,36,0.21,SE
264A,Bolshoi-Namarakit,Salvelinus_alpinus,NA,planktivore,NA,NA,NA,NA,NA,NA,NA,NA,NA,NA,NA,NA,NA,NA,NA,NA,NA,NA,NA,NA,NA,NA
264A,Bolshoi-Namarakit,Salvelinus_alpinus,NA,planktivore,NA,NA,NA,NA,NA,NA,NA,NA,NA,NA,NA,NA,NA,NA,NA,NA,NA,NA,NA,NA,NA,NA
73A,Bolshoi-Namarakit,Salvelinus_alpinus,NA,planktivore,NA,NA,NA,NA,NA,NA,NA,NA,NA,NA,NA,NA,184.44,244,19.64,SD,mm,fork,NA,NA,NA,NA
73A,Bolshoi-Namarakit,Salvelinus_alpinus,NA,planktivore,NA,NA,NA,NA,NA,NA,NA,NA,NA,NA,NA,NA,316.6,40,23.57,SD,mm,fork,NA,NA,NA,NA
08C,Brienz,Coregonus_lavaretus,generalist,NA,38.24,95,2.06,SD,NA,NA,NA,NA,NA,NA,NA,NA,NA,NA,NA,NA,NA,NA,NA,NA,NA,NA
08C,Brienz,Coregonus_lavaretus,littoral/benthic,NA,29.02,49,3,SD,NA,NA,NA,NA,NA,NA,NA,NA,NA,NA,NA,NA,NA,NA,NA,NA,NA,NA
08C,Brienz,Coregonus_lavaretus,generalist,NA,33.94,51,3.56,SD,NA,NA,NA,NA,NA,NA,NA,NA,NA,NA,NA,NA,NA,NA,NA,NA,NA,NA
08C,Brienz,Coregonus_lavaretus,generalist,NA,36.36,96,3.28,SD,NA,NA,NA,NA,NA,NA,NA,NA,NA,NA,NA,NA,NA,NA,NA,NA,NA,NA
156B,Brienz,Coregonus_lavaretus,generalist,NA,NA,NA,NA,NA,NA,NA,NA,NA,NA,NA,NA,NA,264.1,11,8.7,SE,mm,NA,NA,NA,NA,NA
156B,Brienz,Coregonus_lavaretus,generalist,NA,NA,NA,NA,NA,NA,NA,NA,NA,NA,NA,NA,NA,194.1,23,6.1,SE,mm,NA,NA,NA,NA,NA
37C,Brienz,Coregonus_lavaretus,generalist,NA,42,5,1.41,SD,NA,NA,NA,NA,NA,NA,NA,NA,NA,NA,NA,NA,NA,NA,NA,NA,NA,NA
37C,Brienz,Coregonus_lavaretus,generalist,NA,28.25,4,2.36,SD,NA,NA,NA,NA,NA,NA,NA,NA,NA,NA,NA,NA,NA,NA,NA,NA,NA,NA
37C,Brienz,Coregonus_lavaretus,generalist,NA,37.14,7,2.41,SD,NA,NA,NA,NA,NA,NA,NA,NA,NA,NA,NA,NA,NA,NA,NA,NA,NA,NA
04C,Cedar,Coregonus_artedi,littoral/benthic,NA,56.79,45,3.9,SD,NA,NA,NA,NA,NA,NA,NA,NA,NA,NA,NA,NA,NA,NA,NA,NA,NA,NA
04C,Cedar,Coregonus_artedi,pelagic,NA,50.78,37,6.35,SD,NA,NA,NA,NA,NA,NA,NA,NA,NA,NA,NA,NA,NA,NA,NA,NA,NA,NA
108B,Cliff,Coregonus_clupeaformis,pelagic,planktivore,NA,NA,NA,NA,NA,NA,NA,NA,NA,NA,NA,NA,NA,NA,NA,NA,NA,NA,NA,NA,NA,NA
108B,Cliff,Coregonus_clupeaformis,littoral/benthic,benthivore,NA,NA,NA,NA,NA,NA,NA,NA,NA,NA,NA,NA,NA,NA,NA,NA,NA,NA,NA,NA,NA,NA
20C,Cliff,Coregonus_clupeaformis,pelagic,planktivore,24.75,5,1.26,SD,NA,NA,NA,NA,NA,NA,NA,NA,238.6,5,16.1,SD,mm,NA,NA,NA,NA,NA
20C,Cliff,Coregonus_clupeaformis,littoral/benthic,benthivore,24,6,1.41,SD,NA,NA,NA,NA,NA,NA,NA,NA,339.7,6,8.9,SD,mm,NA,NA,NA,NA,NA
285A,Cliff,Coregonus_clupeaformis,pelagic,planktivore,27.6,48,1.2,SD,NA,NA,NA,NA,NA,NA,NA,NA,167.6,NA,32.3,SD,mm,fork,NA,NA,NA,NA
285A,Cliff,Coregonus_clupeaformis,littoral/benthic,benthivore,25.1,40,1.5,SD,NA,NA,NA,NA,NA,NA,NA,NA,285.1,NA,67.3,SD,mm,fork,NA,NA,NA,NA
286A,Cliff,Coregonus_clupeaformis,pelagic,planktivore,28.34,101,0.13,SE,NA,NA,NA,NA,NA,NA,NA,NA,208,566,23,SD,mm,fork,NA,NA,NA,NA
286A,Cliff,Coregonus_clupeaformis,littoral/benthic,benthivore,24.86,109,0.09,SE,NA,NA,NA,NA,NA,NA,NA,NA,372,31,23,SD,mm,fork,NA,NA,NA,NA
36A,Como,Coregonus_clupeaformis,pelagic,NA,23.7,87,0.73,SD,NA,NA,NA,NA,NA,NA,NA,NA,145,87,11,SD,mm,standard,5,NA,NA,NA
36A,Como,Coregonus_clupeaformis,littoral/benthic,NA,24.9,88,0.87,SD,NA,NA,NA,NA,NA,NA,NA,NA,252,88,20,SD,mm,standard,9,NA,NA,NA
126A,Constance,Coregonus_lavaretus,NA,NA,32.4,5,2.1,SD,-28.24,5,0.13,SD,12.48,5,0.22,SD,NA,NA,NA,NA,NA,NA,NA,NA,NA,NA
126A,Constance,Coregonus_lavaretus,NA,NA,27,3,4.6,SD,-28.49,5,0.32,SD,13.95,5,0.2,SD,NA,NA,NA,NA,NA,NA,NA,NA,NA,NA
126A,Constance,Coregonus_lavaretus,NA,NA,37.7,7,2.8,SD,-27.8,7,0.25,SD,13.07,7,0.49,SD,NA,NA,NA,NA,NA,NA,NA,NA,NA,NA
126A,Constance,Coregonus_lavaretus,pelagic,NA,36.6,8,2,SD,-27.91,8,0.27,SD,12.93,8,0.61,SD,NA,NA,NA,NA,NA,NA,NA,NA,NA,NA
126A,Constance,Coregonus_lavaretus,NA,NA,30.1,7,2.7,SD,-27.27,7,0.58,SD,13.47,7,0.78,SD,NA,NA,NA,NA,NA,NA,NA,NA,NA,NA
37C,Constance,Coregonus_lavaretus,NA,NA,32.4,5,2.07,SD,NA,NA,NA,NA,NA,NA,NA,NA,NA,NA,NA,NA,NA,NA,NA,NA,NA,NA
37C,Constance,Coregonus_lavaretus,NA,NA,27,3,4.58,SD,NA,NA,NA,NA,NA,NA,NA,NA,NA,NA,NA,NA,NA,NA,NA,NA,NA,NA
37C,Constance,Coregonus_lavaretus,NA,NA,37.33,6,2.88,SD,NA,NA,NA,NA,NA,NA,NA,NA,NA,NA,NA,NA,NA,NA,NA,NA,NA,NA
37C,Constance,Coregonus_lavaretus,pelagic,NA,37.17,6,1.94,SD,NA,NA,NA,NA,NA,NA,NA,NA,NA,NA,NA,NA,NA,NA,NA,NA,NA,NA
37C,Constance,Coregonus_lavaretus,NA,NA,30.14,7,2.67,SD,NA,NA,NA,NA,NA,NA,NA,NA,NA,NA,NA,NA,NA,NA,NA,NA,NA,NA
255A,Cormorant,Coregonus_artedi,NA,NA,48.4,33,3.1,SD,NA,NA,NA,NA,NA,NA,NA,NA,NA,NA,NA,NA,NA,NA,NA,NA,NA,NA
255A,Cormorant,Coregonus_artedi,NA,NA,52.8,29,2.1,SD,NA,NA,NA,NA,NA,NA,NA,NA,NA,NA,NA,NA,NA,NA,NA,NA,NA,NA
285A,Crescent,Coregonus_clupeaformis,NA,NA,26.4,51,1.7,SD,NA,NA,NA,NA,NA,NA,NA,NA,216.5,NA,11.5,SD,mm,fork,NA,NA,NA,NA
285A,Crescent,Coregonus_clupeaformis,NA,NA,24.6,21,0.8,SD,NA,NA,NA,NA,NA,NA,NA,NA,309.7,NA,40.5,SD,mm,fork,NA,NA,NA,NA
264A,Davatchan,Salvelinus_alpinus,NA,generalist invertivore,NA,NA,NA,NA,NA,NA,NA,NA,NA,NA,NA,NA,NA,NA,NA,NA,NA,NA,NA,NA,NA,NA
264A,Davatchan,Salvelinus_alpinus,NA,planktivore,NA,NA,NA,NA,NA,NA,NA,NA,NA,NA,NA,NA,NA,NA,NA,NA,NA,NA,NA,NA,NA,NA
49C,Davatchan,Salvelinus_alpinus,NA,generalist invertivore,NA,NA,NA,NA,NA,NA,NA,NA,NA,NA,NA,NA,159.16,120,20.54,SD,mm,fork,6.4,120,2.61,SD
49C,Davatchan,Salvelinus_alpinus,NA,piscivore,NA,NA,NA,NA,NA,NA,NA,NA,NA,NA,NA,NA,429.24,66,60.54,SD,mm,fork,10.12,66,2.26,SD
49C,Davatchan,Salvelinus_alpinus,NA,planktivore,NA,NA,NA,NA,NA,NA,NA,NA,NA,NA,NA,NA,268.43,188,28.06,SD,mm,fork,8.56,188,2.02,SD
73A,Davatchan,Salvelinus_alpinus,NA,generalist invertivore,NA,NA,NA,NA,NA,NA,NA,NA,NA,NA,NA,NA,156.3,74,14.44,SD,mm,fork,NA,NA,NA,NA
73A,Davatchan,Salvelinus_alpinus,NA,piscivore,NA,NA,NA,NA,NA,NA,NA,NA,NA,NA,NA,NA,454.24,40,57.57,SD,mm,fork,NA,NA,NA,NA
73A,Davatchan,Salvelinus_alpinus,NA,planktivore,NA,NA,NA,NA,NA,NA,NA,NA,NA,NA,NA,NA,276.19,131,18.47,SD,mm,fork,NA,NA,NA,NA
79C,Dezadeash,Coregonus_clupeaformis,pelagic,planktivore,32.6,30,NA,NA,NA,NA,NA,NA,NA,NA,NA,NA,NA,NA,NA,NA,NA,NA,NA,NA,NA,NA
79C,Dezadeash,Coregonus_clupeaformis,littoral/benthic,benthivore,23.2,30,NA,NA,NA,NA,NA,NA,NA,NA,NA,NA,NA,NA,NA,NA,NA,NA,NA,NA,NA,NA
47A,Dughaill,Salvelinus_alpinus,profundal,benthivore,17.9,20,0.28,SE,-29.38,31,0.11,SE,7.49,31,0.07,SE,213.45,46,4.02,SE,mm,fork,NA,NA,NA,NA
47A,Dughaill,Salvelinus_alpinus,pelagic,planktivore,18.2,20,0.6,SE,-28.76,38,0.09,SE,7.47,38,0.11,SE,203.06,53,5.22,SE,mm,fork,NA,NA,NA,NA
108B,East,Coregonus_clupeaformis,pelagic,NA,NA,NA,NA,NA,NA,NA,NA,NA,NA,NA,NA,NA,NA,NA,NA,NA,NA,NA,NA,NA,NA,NA
108B,East,Coregonus_clupeaformis,littoral/benthic,NA,NA,NA,NA,NA,NA,NA,NA,NA,NA,NA,NA,NA,NA,NA,NA,NA,NA,NA,NA,NA,NA,NA
20C,East,Coregonus_clupeaformis,pelagic,NA,21.5,4,2.12,SD,NA,NA,NA,NA,NA,NA,NA,NA,176.8,4,21.8,SD,mm,NA,NA,NA,NA,NA
20C,East,Coregonus_clupeaformis,littoral/benthic,NA,24.25,4,2.5,SD,NA,NA,NA,NA,NA,NA,NA,NA,298,4,64.9,SD,mm,NA,NA,NA,NA,NA
285A,East,Coregonus_clupeaformis,pelagic,NA,25.5,50,1.5,SD,NA,NA,NA,NA,NA,NA,NA,NA,152.6,NA,17.4,SD,mm,fork,NA,NA,NA,NA
285A,East,Coregonus_clupeaformis,littoral/benthic,NA,26,50,1.6,SD,NA,NA,NA,NA,NA,NA,NA,NA,283.1,NA,67.3,SD,mm,fork,NA,NA,NA,NA
286A,East,Coregonus_clupeaformis,pelagic,NA,25.51,101,0.15,SE,NA,NA,NA,NA,NA,NA,NA,NA,164,763,24,SD,mm,fork,NA,NA,NA,NA
286A,East,Coregonus_clupeaformis,littoral/benthic,NA,25.91,98,0.13,SE,NA,NA,NA,NA,NA,NA,NA,NA,340,21,22,SD,mm,fork,NA,NA,NA,NA
306A,East,Coregonus_clupeaformis,pelagic,NA,25.54,NA,NA,NA,NA,NA,NA,NA,NA,NA,NA,NA,NA,NA,NA,NA,NA,fork,NA,NA,NA,NA
306A,East,Coregonus_clupeaformis,littoral/benthic,NA,25.9,NA,NA,NA,NA,NA,NA,NA,NA,NA,NA,NA,NA,NA,NA,NA,NA,fork,NA,NA,NA,NA
53A,Ellasjoen,Salvelinus_alpinus,littoral/benthic,planktivore,NA,NA,NA,NA,-23.56,12,1.61,SD,17.57,12,1.45,SD,407.29,14,54.45,SD,mm,fork,NA,NA,NA,NA
53A,Ellasjoen,Salvelinus_alpinus,pelagic,benthivore,NA,NA,NA,NA,-26.93,8,0.35,SD,17.67,8,0.51,SD,266.9,10,32.53,SD,mm,fork,NA,NA,NA,NA
53A,Ellasjoen,Salvelinus_alpinus,profundal,benthivore,NA,NA,NA,NA,NA,NA,NA,NA,NA,NA,NA,NA,213.25,4,23.25,SD,mm,fork,NA,NA,NA,NA
226A,Ericht,Salvelinus_alpinus,NA,piscivore,NA,NA,NA,NA,NA,NA,NA,NA,13.88,22,0.4,SE,215.6,22,19.1,SE,cm,fork,NA,NA,NA,NA
226A,Ericht,Salvelinus_alpinus,pelagic,planktivore,NA,NA,NA,NA,NA,NA,NA,NA,11.37,16,0.11,SE,175.9,16,4.9,SE,cm,fork,NA,NA,NA,NA
291A,Ericht,Salvelinus_alpinus,NA,piscivore,NA,NA,NA,NA,NA,NA,NA,NA,NA,NA,NA,NA,NA,NA,NA,NA,NA,NA,12,NA,NA,max
291A,Ericht,Salvelinus_alpinus,pelagic,planktivore,NA,NA,NA,NA,NA,NA,NA,NA,NA,NA,NA,NA,NA,NA,NA,NA,NA,NA,8,NA,NA,max
317A,Femund,Coregonus_lavaretus,generalist,NA,NA,NA,NA,NA,NA,NA,NA,NA,NA,NA,NA,NA,NA,NA,NA,NA,NA,NA,NA,NA,NA,NA
317A,Femund,Coregonus_lavaretus,littoral/benthic,NA,NA,NA,NA,NA,NA,NA,NA,NA,NA,NA,NA,NA,NA,NA,NA,NA,NA,NA,NA,NA,NA,NA
317A,Femund,Coregonus_lavaretus,generalist,NA,NA,NA,NA,NA,NA,NA,NA,NA,NA,NA,NA,NA,NA,NA,NA,NA,NA,NA,NA,NA,NA,NA
331B,Femund,Coregonus_lavaretus,littoral/benthic,NA,NA,NA,NA,NA,NA,NA,NA,NA,NA,NA,NA,NA,NA,NA,NA,NA,NA,NA,NA,NA,NA,NA
331B,Femund,Coregonus_lavaretus,generalist,NA,NA,NA,NA,NA,NA,NA,NA,NA,NA,NA,NA,NA,NA,NA,NA,NA,NA,NA,NA,NA,NA,NA
331B,Femund,Coregonus_lavaretus,littoral/benthic,NA,NA,NA,NA,NA,NA,NA,NA,NA,NA,NA,NA,NA,NA,NA,NA,NA,NA,NA,NA,NA,NA,NA
331B,Femund,Coregonus_lavaretus,generalist,NA,NA,NA,NA,NA,NA,NA,NA,NA,NA,NA,NA,NA,NA,NA,NA,NA,NA,NA,NA,NA,NA,NA
339B,Femund,Coregonus_lavaretus,generalist,NA,28.49,188,1.79,SD,NA,NA,NA,NA,NA,NA,NA,NA,299.7,188,12.4,SD,mm,total,11.5,188,2.98,SD
339B,Femund,Coregonus_lavaretus,littoral/benthic,NA,37.51,257,2.64,SD,NA,NA,NA,NA,NA,NA,NA,NA,354.8,257,22.3,SD,mm,total,9.17,257,2.37,SD
339B,Femund,Coregonus_lavaretus,generalist,NA,37.87,151,2.93,SD,NA,NA,NA,NA,NA,NA,NA,NA,363,151,34.5,SD,mm,total,10.48,151,4.31,SD
165A,Fjellfros,Salvelinus_alpinus,littoral/benthic,generalist invertivore,NA,NA,NA,NA,NA,NA,NA,NA,NA,NA,NA,NA,NA,NA,NA,NA,NA,NA,NA,NA,NA,NA
165A,Fjellfros,Salvelinus_alpinus,pelagic,planktivore,NA,NA,NA,NA,NA,NA,NA,NA,NA,NA,NA,NA,NA,NA,NA,NA,NA,NA,NA,NA,NA,NA
181A,Fjellfros,Salvelinus_alpinus,littoral/benthic,omnivore,NA,NA,NA,NA,NA,NA,NA,NA,NA,NA,NA,NA,NA,NA,NA,NA,NA,NA,NA,NA,NA,NA
181A,Fjellfros,Salvelinus_alpinus,profundal,benthivore,NA,NA,NA,NA,NA,NA,NA,NA,NA,NA,NA,NA,NA,NA,NA,NA,NA,NA,NA,NA,NA,NA
182A,Fjellfros,Salvelinus_alpinus,littoral/benthic,generalist invertivore,NA,NA,NA,NA,NA,NA,NA,NA,NA,NA,NA,NA,218,67,18,SD,mm,fork,5.2,67,0.7,SD
182A,Fjellfros,Salvelinus_alpinus,pelagic,planktivore,NA,NA,NA,NA,NA,NA,NA,NA,NA,NA,NA,NA,222,22,14,SD,mm,fork,5.2,22,0.5,SD
193A,Fjellfros,Salvelinus_alpinus,littoral/benthic,generalist invertivore,NA,NA,NA,NA,NA,NA,NA,NA,NA,NA,NA,NA,NA,NA,NA,NA,NA,NA,NA,NA,NA,NA
193A,Fjellfros,Salvelinus_alpinus,pelagic,planktivore,NA,NA,NA,NA,NA,NA,NA,NA,NA,NA,NA,NA,NA,NA,NA,NA,NA,NA,NA,NA,NA,NA
196B,Fjellfros,Salvelinus_alpinus,littoral/benthic,benthivore,NA,NA,NA,NA,-26.2,26,1.44,SD,4.78,26,0.36,SD,NA,NA,NA,NA,NA,NA,NA,NA,NA,NA
196B,Fjellfros,Salvelinus_alpinus,littoral/benthic,benthivore,NA,NA,NA,NA,-24.65,23,2.21,SD,4.54,23,0.26,SD,NA,NA,NA,NA,NA,NA,NA,NA,NA,NA
196B,Fjellfros,Salvelinus_alpinus,pelagic,planktivore,NA,NA,NA,NA,-27.34,29,0.95,SD,4.59,29,0.29,SD,NA,NA,NA,NA,NA,NA,NA,NA,NA,NA
203A,Fjellfros,Salvelinus_alpinus,littoral/benthic,generalist invertivore,NA,NA,NA,NA,NA,NA,NA,NA,NA,NA,NA,NA,NA,NA,NA,NA,NA,NA,NA,NA,NA,NA
203A,Fjellfros,Salvelinus_alpinus,pelagic,planktivore,NA,NA,NA,NA,NA,NA,NA,NA,NA,NA,NA,NA,NA,NA,NA,NA,NA,NA,NA,NA,NA,NA
267A,Fjellfros,Salvelinus_alpinus,littoral/benthic,omnivore,NA,NA,NA,NA,NA,NA,NA,NA,NA,NA,NA,NA,100.2,17,3.2,CI,mm,NA,NA,NA,NA,NA
267A,Fjellfros,Salvelinus_alpinus,profundal,benthivore,NA,NA,NA,NA,NA,NA,NA,NA,NA,NA,NA,NA,99.7,14,3.7,CI,mm,NA,NA,NA,NA,NA
43A,Fjellfros,Salvelinus_alpinus,littoral/benthic,omnivore,NA,NA,NA,NA,NA,NA,NA,NA,NA,NA,NA,NA,NA,NA,NA,NA,NA,NA,NA,NA,NA,NA
43A,Fjellfros,Salvelinus_alpinus,profundal,benthivore,NA,NA,NA,NA,NA,NA,NA,NA,NA,NA,NA,NA,NA,NA,NA,NA,NA,NA,NA,NA,NA,NA
55B,Fjellfros,Salvelinus_alpinus,littoral/benthic,omnivore,NA,NA,NA,NA,NA,NA,NA,NA,NA,NA,NA,NA,309,4,27,SE,cm,total,NA,NA,NA,NA
55B,Fjellfros,Salvelinus_alpinus,profundal,benthivore,NA,NA,NA,NA,NA,NA,NA,NA,NA,NA,NA,NA,107,4,3,SE,cm,total,NA,NA,NA,NA
58B,Fjellfros,Salvelinus_alpinus,littoral/benthic,omnivore,NA,NA,NA,NA,NA,NA,NA,NA,NA,NA,NA,NA,250.8,93,62.2,SD,mm,fork,5.7,93,2,SD
58B,Fjellfros,Salvelinus_alpinus,profundal,benthivore,NA,NA,NA,NA,NA,NA,NA,NA,NA,NA,NA,NA,91.8,41,9.51,SD,mm,fork,3.6,41,1.1,SD
85A,Fjellfros,Salvelinus_alpinus,littoral/benthic,generalist invertivore,NA,NA,NA,NA,-25.66,31,1.83,SD,4.18,31,0.29,SD,NA,NA,NA,NA,NA,NA,NA,NA,NA,NA
85A,Fjellfros,Salvelinus_alpinus,pelagic,planktivore,NA,NA,NA,NA,-27.78,21,0.6,SD,4.19,21,0.24,SD,NA,NA,NA,NA,NA,NA,NA,NA,NA,NA
118A,Galtabol,Salvelinus_alpinus,NA,NA,NA,NA,NA,NA,NA,NA,NA,NA,NA,NA,NA,NA,NA,NA,NA,NA,NA,NA,NA,NA,NA,NA
118A,Galtabol,Salvelinus_alpinus,NA,NA,NA,NA,NA,NA,NA,NA,NA,NA,NA,NA,NA,NA,NA,NA,NA,NA,NA,NA,NA,NA,NA,NA
69C,Galtabol,Salvelinus_alpinus,NA,benthivore,NA,NA,NA,NA,NA,NA,NA,NA,NA,NA,NA,NA,168.8,53,43,SD,cm,standard,6.11,53,2.35,SD
69C,Galtabol,Salvelinus_alpinus,NA,generalist invertivore,NA,NA,NA,NA,NA,NA,NA,NA,NA,NA,NA,NA,258,42,76.2,SD,cm,standard,4.99,42,1.58,SD
75C,Galtabol,Salvelinus_alpinus,NA,benthivore,NA,NA,NA,NA,NA,NA,NA,NA,NA,NA,NA,NA,169,24,NA,NA,mm,fork,NA,NA,NA,NA
75C,Galtabol,Salvelinus_alpinus,NA,piscivore,NA,NA,NA,NA,NA,NA,NA,NA,NA,NA,NA,NA,352,67,NA,NA,mm,fork,NA,NA,NA,NA
178B,Gander,Salvelinus_alpinus,shallow,NA,NA,NA,NA,NA,-25.9,15,0.2,SE,14,15,0.5,SE,NA,NA,NA,NA,NA,NA,NA,NA,NA,NA
178B,Gander,Salvelinus_alpinus,profundal,NA,NA,NA,NA,NA,-30.2,15,0.1,SE,13.4,15,0.1,SE,NA,NA,NA,NA,NA,NA,NA,NA,NA,NA
178B,Gander,Salvelinus_alpinus,profundal,NA,NA,NA,NA,NA,-28.2,15,0.1,SE,10.9,15,0.2,SE,NA,NA,NA,NA,NA,NA,NA,NA,NA,NA
220A,Gander,Salvelinus_alpinus,profundal,NA,NA,NA,NA,NA,-29.9,11,0.2,SE,13.2,11,0.1,SE,141.8,11,3.8,SE,mm,fork,8.5,NA,NA,"mean; se=0.3, n=11"
220A,Gander,Salvelinus_alpinus,littoral/benthic,NA,NA,NA,NA,NA,-26.4,36,0.1,SE,12.7,36,0.2,SE,186.2,36,8.3,SE,mm,fork,8.6,NA,NA,"mean; se=0.4, n=36"
220A,Gander,Salvelinus_alpinus,shallow,NA,NA,NA,NA,NA,-25.6,12,0.3,SE,15.6,12,0.2,SE,348.7,12,9.2,SE,mm,fork,14.1,NA,NA,"mean; se=0.5, n=12"
220A,Gander,Salvelinus_alpinus,profundal,NA,NA,NA,NA,NA,-28.1,16,0.1,SE,10.9,16,0.2,SE,147.4,16,3.8,SE,mm,fork,8.3,NA,NA,"mean; se=0.5, n=16"
89A,Gander,Salvelinus_alpinus,shallow,NA,NA,NA,NA,NA,-26.15,10,0.72,SD,12.86,10,1.11,SD,NA,NA,NA,NA,NA,NA,NA,NA,NA,NA
89A,Gander,Salvelinus_alpinus,profundal,NA,NA,NA,NA,NA,-30.04,10,0.58,SD,13.13,10,0.26,SD,NA,NA,NA,NA,NA,NA,NA,NA,NA,NA
107A,GreatBear,Salvelinus_namaycush,generalist,NA,NA,NA,NA,NA,NA,NA,NA,NA,NA,NA,NA,NA,NA,NA,NA,NA,NA,NA,NA,NA,NA,NA
107A,GreatBear,Salvelinus_namaycush,generalist,NA,NA,NA,NA,NA,NA,NA,NA,NA,NA,NA,NA,NA,NA,NA,NA,NA,NA,NA,NA,NA,NA,NA
107A,GreatBear,Salvelinus_namaycush,generalist,NA,NA,NA,NA,NA,NA,NA,NA,NA,NA,NA,NA,NA,NA,NA,NA,NA,NA,NA,NA,NA,NA,NA
107A,GreatBear,Salvelinus_namaycush,pelagic,NA,NA,NA,NA,NA,NA,NA,NA,NA,NA,NA,NA,NA,NA,NA,NA,NA,NA,NA,NA,NA,NA,NA
228A,GreatBear,Salvelinus_namaycush,NA,NA,NA,NA,NA,NA,NA,NA,NA,NA,NA,NA,NA,NA,NA,NA,NA,NA,NA,NA,NA,NA,NA,NA
228A,GreatBear,Salvelinus_namaycush,NA,NA,NA,NA,NA,NA,NA,NA,NA,NA,NA,NA,NA,NA,NA,NA,NA,NA,NA,NA,NA,NA,NA,NA
23C,GreatBear,Salvelinus_namaycush,generalist,NA,NA,NA,NA,NA,NA,NA,NA,NA,NA,NA,NA,NA,651.19,283,82.86,SD,mm,fork,22.18,283,7.15,SD
23C,GreatBear,Salvelinus_namaycush,generalist,NA,NA,NA,NA,NA,NA,NA,NA,NA,NA,NA,NA,NA,687.18,431,106.72,SD,mm,fork,23.79,431,7.94,SD
23C,GreatBear,Salvelinus_namaycush,generalist,NA,NA,NA,NA,NA,NA,NA,NA,NA,NA,NA,NA,NA,649.23,155,72.88,SD,mm,fork,31.48,155,10.64,SD
23C,GreatBear,Salvelinus_namaycush,pelagic,NA,NA,NA,NA,NA,NA,NA,NA,NA,NA,NA,NA,NA,671.46,33,41.91,SD,mm,fork,25.84,33,7.85,SD
256A,GreatBear,Salvelinus_namaycush,NA,NA,NA,NA,NA,NA,NA,NA,NA,NA,NA,NA,NA,NA,NA,NA,NA,NA,NA,NA,27.2,NA,NA,mean
256A,GreatBear,Salvelinus_namaycush,NA,NA,NA,NA,NA,NA,NA,NA,NA,NA,NA,NA,NA,NA,NA,NA,NA,NA,NA,NA,24.8,NA,NA,mean
57A,GreatBear,Salvelinus_namaycush,generalist,NA,NA,NA,NA,NA,NA,NA,NA,NA,NA,NA,NA,NA,NA,NA,NA,NA,NA,NA,NA,NA,NA,NA
57A,GreatBear,Salvelinus_namaycush,generalist,NA,NA,NA,NA,NA,NA,NA,NA,NA,NA,NA,NA,NA,NA,NA,NA,NA,NA,NA,NA,NA,NA,NA
57A,GreatBear,Salvelinus_namaycush,generalist,NA,NA,NA,NA,NA,NA,NA,NA,NA,NA,NA,NA,NA,NA,NA,NA,NA,NA,NA,NA,NA,NA,NA
57A,GreatBear,Salvelinus_namaycush,pelagic,NA,NA,NA,NA,NA,NA,NA,NA,NA,NA,NA,NA,NA,NA,NA,NA,NA,NA,NA,NA,NA,NA,NA
62B,GreatBear,Salvelinus_namaycush,generalist,NA,NA,NA,NA,NA,-24.1,34,2.2,SD,12.1,34,1.2,SD,NA,NA,NA,NA,NA,NA,NA,NA,NA,NA
62B,GreatBear,Salvelinus_namaycush,generalist,NA,NA,NA,NA,NA,-24.9,37,1.7,SD,13.1,37,0.7,SD,NA,NA,NA,NA,NA,NA,NA,NA,NA,NA
62B,GreatBear,Salvelinus_namaycush,generalist,NA,NA,NA,NA,NA,-23.2,42,2.2,SD,13.1,42,0.9,SD,NA,NA,NA,NA,NA,NA,NA,NA,NA,NA
62B,GreatBear,Salvelinus_namaycush,pelagic,NA,NA,NA,NA,NA,-26.5,20,0.4,SD,14.1,20,0.5,SD,NA,NA,NA,NA,NA,NA,NA,NA,NA,NA
72A,GreatBear,Salvelinus_namaycush,generalist,NA,NA,NA,NA,NA,NA,NA,NA,NA,NA,NA,NA,NA,711.72,16,115.25,SD,mm,fork,41.27,16,6.42,SD
72A,GreatBear,Salvelinus_namaycush,generalist,NA,NA,NA,NA,NA,NA,NA,NA,NA,NA,NA,NA,NA,725.99,38,119.11,SD,mm,fork,29.98,38,11.28,SD
72A,GreatBear,Salvelinus_namaycush,generalist,NA,NA,NA,NA,NA,NA,NA,NA,NA,NA,NA,NA,NA,747.55,50,130.1,SD,mm,fork,26.77,50,11.63,SD
129A,GreatSlaveC,Coregonus_artedi,NA,NA,47.94,49,0.54,SE,NA,NA,NA,NA,NA,NA,NA,NA,313.81,49,12.76,SE,mm,fork,12.89,49,0.79,SE
129A,GreatSlaveC,Coregonus_artedi,NA,NA,39.22,55,0.31,SE,NA,NA,NA,NA,NA,NA,NA,NA,226.07,55,3.8,SE,mm,fork,10.59,55,0.56,SE
83A,GreatSlaveC,Coregonus_artedi,profundal,NA,42.5,32,0.37,SE,NA,NA,NA,NA,NA,NA,NA,NA,146.06,32,3.72,SE,mm,standard,NA,NA,NA,NA
83A,GreatSlaveC,Coregonus_artedi,NA,NA,43.93,207,0.28,SE,NA,NA,NA,NA,NA,NA,NA,NA,200.83,207,5.13,SE,mm,standard,NA,NA,NA,NA
83A,GreatSlaveC,Coregonus_artedi,NA,NA,39.94,130,0.2,SE,NA,NA,NA,NA,NA,NA,NA,NA,185.36,130,3.95,SE,mm,standard,NA,NA,NA,NA
170A,GreatSlaveS,Salvelinus_namaycush,generalist,piscivore,NA,NA,NA,NA,-28.03,34,0.1,SE,12.1,34,0.14,SE,497,69,1.15,SE,mm,standard,NA,NA,NA,NA
170A,GreatSlaveS,Salvelinus_namaycush,generalist,piscivore,NA,NA,NA,NA,-27.9,31,0.09,SE,13.4,31,0.13,SE,496,68,1.33,SE,mm,standard,NA,NA,NA,NA
141A,Hazen,Salvelinus_alpinus,pelagic,NA,NA,NA,NA,NA,NA,NA,NA,NA,NA,NA,NA,NA,413,78,118,SE,mm,fork,NA,NA,NA,NA
141A,Hazen,Salvelinus_alpinus,littoral/benthic,NA,NA,NA,NA,NA,NA,NA,NA,NA,NA,NA,NA,NA,389,47,36,SE,mm,fork,NA,NA,NA,NA
393B,Hazen,Salvelinus_alpinus,pelagic,NA,NA,NA,NA,NA,-21.5,23,0.9,SD,13.6,23,0.5,SD,503.4,23,66.8,SD,mm,fork,19.7,23,5.4,SD
393B,Hazen,Salvelinus_alpinus,littoral/benthic,NA,NA,NA,NA,NA,-18.1,25,1,SD,9.8,25,0.5,SD,353.3,25,26.7,SD,mm,fork,22.4,25,3.6,SD
04C,Hogan,Coregonus_artedi,littoral/benthic,NA,52.12,58,4.52,SD,NA,NA,NA,NA,NA,NA,NA,NA,NA,NA,NA,NA,NA,NA,NA,NA,NA,NA
04C,Hogan,Coregonus_artedi,pelagic,NA,47.51,41,2.08,SD,NA,NA,NA,NA,NA,NA,NA,NA,NA,NA,NA,NA,NA,NA,NA,NA,NA,NA
202A,Iddja,Coregonus_lavaretus,pelagic,planktivore,32.78,46,0.33,SE,NA,NA,NA,NA,NA,NA,NA,NA,NA,NA,NA,NA,NA,NA,NA,NA,NA,NA
202A,Iddja,Coregonus_lavaretus,littoral/benthic,benthivore,21.96,30,0.42,SE,NA,NA,NA,NA,NA,NA,NA,NA,NA,NA,NA,NA,NA,NA,NA,NA,NA,NA
210B,Iddja,Coregonus_lavaretus,pelagic,planktivore,32.45,NA,1.75,SD,NA,NA,NA,NA,NA,NA,NA,NA,NA,NA,NA,NA,NA,NA,NA,NA,NA,NA
210B,Iddja,Coregonus_lavaretus,littoral/benthic,benthivore,22.4,NA,2.5,SD,NA,NA,NA,NA,NA,NA,NA,NA,NA,NA,NA,NA,NA,NA,NA,NA,NA,NA
28A,Iddja,Coregonus_lavaretus,pelagic,planktivore,34,62,2.1,SD,NA,NA,NA,NA,NA,NA,NA,NA,172,62,21,SD,mm,total,NA,NA,NA,NA
28A,Iddja,Coregonus_lavaretus,littoral/benthic,benthivore,22.1,56,3.4,SD,NA,NA,NA,NA,NA,NA,NA,NA,239,56,75,SD,mm,total,NA,NA,NA,NA
28A,Iddja,Coregonus_lavaretus,profundal,benthivore,22.1,23,2,SD,NA,NA,NA,NA,NA,NA,NA,NA,179,23,45,SD,mm,total,NA,NA,NA,NA
06C,Imandra,Coregonus_lavaretus,pelagic,NA,37.07,25,3.57,SD,NA,NA,NA,NA,NA,NA,NA,NA,329.89,35,82.98,NA,mm,NA,NA,NA,NA,NA
06C,Imandra,Coregonus_lavaretus,generalist,NA,23.11,656,2.14,SD,NA,NA,NA,NA,NA,NA,NA,NA,272.55,807,55.99,NA,mm,NA,NA,NA,NA,NA
14B,Inari,Coregonus_lavaretus,pelagic,planktivore,36,3,0,SD,-28.82,3,0.63,SD,8.96,3,0.19,SD,147,3,13,SD,mm,total,NA,NA,NA,NA
14B,Inari,Coregonus_lavaretus,generalist,generalist invertivore,31.67,3,1.53,SD,-26.57,3,0.9,SD,8.66,3,0.27,SD,305.33,3,27.1,SD,mm,total,NA,NA,NA,NA
14B,Inari,Coregonus_lavaretus,littoral/benthic,benthivore,21.33,3,1.15,SD,-20.5,3,0.1,SD,8.69,3,0.19,SD,352.33,3,11.24,SD,mm,total,NA,NA,NA,NA
14B,Inari,Coregonus_lavaretus,profundal,benthivore,16.33,3,2.08,SD,-27.96,3,0.22,SD,10.64,3,0.53,SD,253.67,3,10.02,SD,mm,total,NA,NA,NA,NA
28A,Inari,Coregonus_lavaretus,pelagic,planktivore,35.1,26,2.6,SD,NA,NA,NA,NA,NA,NA,NA,NA,115,26,30,SD,mm,total,NA,NA,NA,NA
28A,Inari,Coregonus_lavaretus,littoral/benthic,benthivore,21.7,22,1.4,SD,NA,NA,NA,NA,NA,NA,NA,NA,269,22,66,SD,mm,total,NA,NA,NA,NA
28A,Inari,Coregonus_lavaretus,profundal,benthivore,18,23,1.4,SD,NA,NA,NA,NA,NA,NA,NA,NA,215,23,32,SD,mm,total,NA,NA,NA,NA
40B,Inari,Coregonus_lavaretus,pelagic,planktivore,35.5,31,0.4,SE,-29.1,31,0.3,SE,9.1,31,0.1,SE,126,31,5,SE,cm,total,3.9,31,0.3,SE
40B,Inari,Coregonus_lavaretus,generalist,generalist invertivore,32.1,30,0.4,SE,-27.4,30,0.3,SE,8.5,30,0.1,SE,267,30,8,SE,cm,total,6.2,30,0.4,SE
40B,Inari,Coregonus_lavaretus,littoral/benthic,benthivore,22.4,31,0.4,SE,-25.4,31,0.3,SE,8.8,31,0.1,SE,280,31,10,SE,cm,total,5.7,31,0.4,SE
40B,Inari,Coregonus_lavaretus,profundal,benthivore,18.4,30,0.4,SE,-28.5,30,0.3,SE,10.5,30,0.1,SE,204,30,6,SE,cm,total,8.6,30,0.6,SE
108B,Indian,Coregonus_clupeaformis,pelagic,NA,NA,NA,NA,NA,NA,NA,NA,NA,NA,NA,NA,NA,NA,NA,NA,NA,NA,NA,NA,NA,NA,NA
108B,Indian,Coregonus_clupeaformis,littoral/benthic,NA,NA,NA,NA,NA,NA,NA,NA,NA,NA,NA,NA,NA,NA,NA,NA,NA,NA,NA,NA,NA,NA,NA
285A,Indian,Coregonus_clupeaformis,pelagic,NA,29.7,55,1.1,SD,NA,NA,NA,NA,NA,NA,NA,NA,186.2,NA,9,SD,mm,fork,NA,NA,NA,NA
285A,Indian,Coregonus_clupeaformis,littoral/benthic,NA,26.4,18,2.1,SD,NA,NA,NA,NA,NA,NA,NA,NA,415.7,NA,18.7,SD,mm,fork,NA,NA,NA,NA
162A,Iqalugaajuruluit,Salvelinus_alpinus,NA,piscivore,NA,NA,NA,NA,-20.15,18,1.27,SD,14.93,18,0.77,SD,438.11,18,118.27,SD,mm,fork,11.51,18,2.65,DS
162A,Iqalugaajuruluit,Salvelinus_alpinus,NA,generalist invertivore,NA,NA,NA,NA,-19.52,95,1.49,SD,10.72,95,0.95,SD,182.12,95,52.88,SD,mm,fork,6.73,95,2.17,SD
331B,Isteren,Coregonus_lavaretus,NA,NA,27.9,30,1.8,SD,NA,NA,NA,NA,NA,NA,NA,NA,145,30,12,NA,NA,NA,NA,NA,NA,NA
331B,Isteren,Coregonus_lavaretus,NA,NA,25.5,30,1.9,SD,NA,NA,NA,NA,NA,NA,NA,NA,326,30,21,NA,NA,NA,NA,NA,NA,NA
49C,Kalarskii-Davatchan,Salvelinus_alpinus,NA,planktivore,NA,NA,NA,NA,NA,NA,NA,NA,NA,NA,NA,NA,147.55,107,19.62,SD,mm,fork,5.84,107,2.28,SD
49C,Kalarskii-Davatchan,Salvelinus_alpinus,NA,NA,NA,NA,NA,NA,NA,NA,NA,NA,NA,NA,NA,NA,450.83,3,20.96,SD,mm,fork,17.69,3,2.53,SD
49C,Kalarskii-Davatchan,Salvelinus_alpinus,NA,piscivore,NA,NA,NA,NA,NA,NA,NA,NA,NA,NA,NA,NA,216.5,45,18.03,SD,mm,fork,9.82,45,3.11,SD
49C,Kalarskii-Davatchan,Salvelinus_alpinus,NA,piscivore,NA,NA,NA,NA,NA,NA,NA,NA,NA,NA,NA,NA,292.46,20,22.97,SD,mm,fork,11.05,20,3.23,SD
73A,Kalarskii-Davatchan,Salvelinus_alpinus,NA,planktivore,NA,NA,NA,NA,NA,NA,NA,NA,NA,NA,NA,NA,152.68,50,14.69,SD,mm,fork,NA,NA,NA,NA
73A,Kalarskii-Davatchan,Salvelinus_alpinus,NA,piscivore,NA,NA,NA,NA,NA,NA,NA,NA,NA,NA,NA,NA,252.45,16,46.78,SD,mm,fork,NA,NA,NA,NA
31C,Kamkanda,Salvelinus_alpinus,NA,benthivore,34.3,364,1.57,SD,NA,NA,NA,NA,NA,NA,NA,NA,153.69,386,21.63,SD,mm,fork,6.96,334,2.59,SD
31C,Kamkanda,Salvelinus_alpinus,NA,piscivore,36,31,1.08,SD,NA,NA,NA,NA,NA,NA,NA,NA,269.15,31,114.65,SD,mm,fork,7.13,31,1.62,SD
31C,Kamkanda,Salvelinus_alpinus,NA,planktivore,39,458,1.87,SD,NA,NA,NA,NA,NA,NA,NA,NA,170.5,460,33.66,SD,mm,fork,6.63,302,2.13,SD
1A,Kiryalta-3,Salvelinus_alpinus,NA,piscivore,36.1,38,0.22,SE,NA,NA,NA,NA,NA,NA,NA,NA,NA,NA,NA,NA,NA,NA,NA,NA,NA,NA
1A,Kiryalta-3,Salvelinus_alpinus,pelagic,planktivore,41.1,109,0.17,SE,NA,NA,NA,NA,NA,NA,NA,NA,NA,NA,NA,NA,NA,NA,NA,NA,NA,NA
264A,Kiryalta-3,Salvelinus_alpinus,NA,piscivore,NA,NA,NA,NA,NA,NA,NA,NA,NA,NA,NA,NA,NA,NA,NA,NA,NA,NA,NA,NA,NA,NA
264A,Kiryalta-3,Salvelinus_alpinus,pelagic,planktivore,NA,NA,NA,NA,NA,NA,NA,NA,NA,NA,NA,NA,NA,NA,NA,NA,NA,NA,NA,NA,NA,NA
49C,Kiryalta-3,Salvelinus_alpinus,NA,piscivore,NA,NA,NA,NA,NA,NA,NA,NA,NA,NA,NA,NA,347.92,34,84.68,SD,mm,fork,NA,NA,NA,NA
49C,Kiryalta-3,Salvelinus_alpinus,pelagic,planktivore,NA,NA,NA,NA,NA,NA,NA,NA,NA,NA,NA,NA,176.52,261,35.33,SD,mm,fork,NA,NA,NA,NA
73A,Kiryalta-3,Salvelinus_alpinus,NA,piscivore,NA,NA,NA,NA,NA,NA,NA,NA,NA,NA,NA,NA,388.77,5,76.1,SD,mm,fork,NA,NA,NA,NA
73A,Kiryalta-3,Salvelinus_alpinus,pelagic,planktivore,NA,NA,NA,NA,NA,NA,NA,NA,NA,NA,NA,NA,195.21,164,26.24,SD,mm,fork,NA,NA,NA,NA
1A,Kiryalta-4,Salvelinus_alpinus,NA,piscivore,39.3,44,0.36,SE,NA,NA,NA,NA,NA,NA,NA,NA,NA,NA,NA,NA,NA,NA,NA,NA,NA,NA
1A,Kiryalta-4,Salvelinus_alpinus,pelagic,planktivore,41.3,132,0.17,SE,NA,NA,NA,NA,NA,NA,NA,NA,NA,NA,NA,NA,NA,NA,NA,NA,NA,NA
264A,Kiryalta-4,Salvelinus_alpinus,NA,piscivore,NA,NA,NA,NA,NA,NA,NA,NA,NA,NA,NA,NA,NA,NA,NA,NA,NA,NA,NA,NA,NA,NA
264A,Kiryalta-4,Salvelinus_alpinus,pelagic,planktivore,NA,NA,NA,NA,NA,NA,NA,NA,NA,NA,NA,NA,NA,NA,NA,NA,NA,NA,NA,NA,NA,NA
49C,Kiryalta-4,Salvelinus_alpinus,NA,piscivore,NA,NA,NA,NA,NA,NA,NA,NA,NA,NA,NA,NA,349.3,27,82.42,SD,mm,fork,NA,NA,NA,NA
49C,Kiryalta-4,Salvelinus_alpinus,pelagic,planktivore,NA,NA,NA,NA,NA,NA,NA,NA,NA,NA,NA,NA,188.09,148,24.58,SD,mm,fork,NA,NA,NA,NA
73A,Kiryalta-4,Salvelinus_alpinus,NA,piscivore,NA,NA,NA,NA,NA,NA,NA,NA,NA,NA,NA,NA,359.51,9,75.44,SD,mm,fork,NA,NA,NA,NA
73A,Kiryalta-4,Salvelinus_alpinus,pelagic,planktivore,NA,NA,NA,NA,NA,NA,NA,NA,NA,NA,NA,NA,195.89,72,16.02,SD,mm,fork,NA,NA,NA,NA
19C,Koitere,Coregonus_lavaretus,NA,NA,44.61,17,3.21,SD,NA,NA,NA,NA,NA,NA,NA,NA,NA,NA,NA,NA,NA,NA,NA,NA,NA,NA
19C,Koitere,Coregonus_lavaretus,NA,NA,53.48,48,2.13,SD,NA,NA,NA,NA,NA,NA,NA,NA,NA,NA,NA,NA,NA,NA,NA,NA,NA,NA
19C,Koitere,Coregonus_lavaretus,NA,NA,32.57,121,3.26,SD,NA,NA,NA,NA,NA,NA,NA,NA,NA,NA,NA,NA,NA,NA,NA,NA,NA,NA
264A,Krestaki,Salvelinus_alpinus,NA,benthivore,NA,NA,NA,NA,NA,NA,NA,NA,NA,NA,NA,NA,NA,NA,NA,NA,NA,NA,NA,NA,NA,NA
264A,Krestaki,Salvelinus_alpinus,NA,generalist invertivore,NA,NA,NA,NA,NA,NA,NA,NA,NA,NA,NA,NA,NA,NA,NA,NA,NA,NA,NA,NA,NA,NA
49C,Krestaki,Salvelinus_alpinus,NA,benthivore,NA,NA,NA,NA,NA,NA,NA,NA,NA,NA,NA,NA,154.45,105,17.09,SD,mm,fork,7.37,105,2.1,SD
49C,Krestaki,Salvelinus_alpinus,NA,piscivore,NA,NA,NA,NA,NA,NA,NA,NA,NA,NA,NA,NA,477.62,24,46.36,SD,mm,fork,14.44,24,1.48,SD
49C,Krestaki,Salvelinus_alpinus,NA,generalist invertivore,NA,NA,NA,NA,NA,NA,NA,NA,NA,NA,NA,NA,233.87,41,22.14,SD,mm,fork,9.36,41,1.95,SD
49C,Krestaki,Salvelinus_alpinus,NA,generalist invertivore,NA,NA,NA,NA,NA,NA,NA,NA,NA,NA,NA,NA,315,53,22.39,SD,mm,fork,10.72,53,1.86,SD
73A,Krestaki,Salvelinus_alpinus,NA,benthivore,NA,NA,NA,NA,NA,NA,NA,NA,NA,NA,NA,NA,153.33,58,12.69,SD,mm,fork,NA,NA,NA,NA
73A,Krestaki,Salvelinus_alpinus,NA,piscivore,NA,NA,NA,NA,NA,NA,NA,NA,NA,NA,NA,NA,486.03,20,45.13,SD,mm,fork,NA,NA,NA,NA
73A,Krestaki,Salvelinus_alpinus,NA,generalist invertivore,NA,NA,NA,NA,NA,NA,NA,NA,NA,NA,NA,NA,291.06,46,44.2,SD,mm,fork,NA,NA,NA,NA
13C,Kronotskoe,Salvelinus_malma,littoral/benthic,benthivore,NA,NA,NA,NA,NA,NA,NA,NA,NA,NA,NA,NA,311,67,47.7,SE,mm,fork,NA,NA,NA,NA
13C,Kronotskoe,Salvelinus_malma,littoral/benthic,benthivore,NA,NA,NA,NA,NA,NA,NA,NA,NA,NA,NA,NA,326,42,69,SE,mm,fork,NA,NA,NA,NA
13C,Kronotskoe,Salvelinus_malma,littoral/benthic,benthivore,NA,NA,NA,NA,NA,NA,NA,NA,NA,NA,NA,NA,314,31,105.4,SE,mm,fork,NA,NA,NA,NA
27A,Kronotskoe,Salvelinus_malma,profundal,benthivore,NA,NA,NA,NA,NA,NA,NA,NA,NA,NA,NA,NA,205,204,1.4,SE,mm,fork,NA,NA,NA,NA
27A,Kronotskoe,Salvelinus_malma,pelagic,piscivore,NA,NA,NA,NA,NA,NA,NA,NA,NA,NA,NA,NA,491,71,13.9,SE,mm,fork,NA,NA,NA,NA
27A,Kronotskoe,Salvelinus_malma,littoral/benthic,benthivore,NA,NA,NA,NA,NA,NA,NA,NA,NA,NA,NA,NA,326,277,2.7,SE,mm,fork,NA,NA,NA,NA
27A,Kronotskoe,Salvelinus_malma,littoral/benthic,benthivore,NA,NA,NA,NA,NA,NA,NA,NA,NA,NA,NA,NA,352,79,5.7,SE,mm,fork,NA,NA,NA,NA
27A,Kronotskoe,Salvelinus_malma,littoral/benthic,benthivore,NA,NA,NA,NA,NA,NA,NA,NA,NA,NA,NA,NA,336,55,15.3,SE,mm,fork,NA,NA,NA,NA
27A,Kronotskoe,Salvelinus_malma,profundal,omnivore,NA,NA,NA,NA,NA,NA,NA,NA,NA,NA,NA,NA,274,222,1.7,SE,mm,fork,NA,NA,NA,NA
27A,Kronotskoe,Salvelinus_malma,pelagic,omnivore,NA,NA,NA,NA,NA,NA,NA,NA,NA,NA,NA,NA,370,323,6.5,SE,mm,fork,NA,NA,NA,NA
33C,Kronotskoe,Salvelinus_malma,NA,NA,22,4,1.08,SE,NA,NA,NA,NA,NA,NA,NA,NA,240,4,NA,NA,mm,NA,NA,NA,NA,NA
33C,Kronotskoe,Salvelinus_malma,pelagic,piscivore,22.7,23,0.35,SE,NA,NA,NA,NA,NA,NA,NA,NA,570,23,NA,NA,mm,NA,NA,NA,NA,NA
33C,Kronotskoe,Salvelinus_malma,pelagic,benthivore,21.3,59,0.29,SE,NA,NA,NA,NA,NA,NA,NA,NA,368,59,NA,NA,mm,NA,NA,NA,NA,NA
33C,Kronotskoe,Salvelinus_malma,pelagic,omnivore,22.3,62,0.26,SE,NA,NA,NA,NA,NA,NA,NA,NA,537,62,NA,NA,mm,NA,NA,NA,NA,NA
74A,Kronotskoe,Salvelinus_malma,littoral/benthic,benthivore,NA,NA,NA,NA,-17.47,42,3.25,SD,8.36,42,1.04,SD,340.89,81,62.49,SD,mm,fork,NA,NA,NA,NA
74A,Kronotskoe,Salvelinus_malma,pelagic,omnivore,NA,NA,NA,NA,-23.02,56,3.5,SD,9.57,56,1.63,SD,396.09,100,133.65,SD,mm,fork,NA,NA,NA,NA
49C,Kudushkit,Salvelinus_alpinus,NA,generalist invertivore,NA,NA,NA,NA,NA,NA,NA,NA,NA,NA,NA,NA,159.94,167,27.89,SD,mm,fork,7.88,167,1.6,SD
49C,Kudushkit,Salvelinus_alpinus,NA,omnivore,NA,NA,NA,NA,NA,NA,NA,NA,NA,NA,NA,NA,304.46,98,56.46,SD,mm,fork,11.71,98,2.15,SD
73A,Kudushkit,Salvelinus_alpinus,NA,generalist invertivore,NA,NA,NA,NA,NA,NA,NA,NA,NA,NA,NA,NA,162.05,69,26.38,SD,mm,fork,NA,NA,NA,NA
73A,Kudushkit,Salvelinus_alpinus,NA,omnivore,NA,NA,NA,NA,NA,NA,NA,NA,NA,NA,NA,NA,393.6,31,58.97,SD,mm,fork,NA,NA,NA,NA
202A,Ladnet,Coregonus_lavaretus,pelagic,planktivore,33.11,47,0.28,SE,NA,NA,NA,NA,NA,NA,NA,NA,NA,NA,NA,NA,NA,NA,NA,NA,NA,NA
202A,Ladnet,Coregonus_lavaretus,littoral/benthic,benthivore,25.26,78,0.23,SE,NA,NA,NA,NA,NA,NA,NA,NA,NA,NA,NA,NA,NA,NA,NA,NA,NA,NA
210B,Ladnet,Coregonus_lavaretus,pelagic,planktivore,32.7,NA,1.6,SD,NA,NA,NA,NA,NA,NA,NA,NA,NA,NA,NA,NA,NA,NA,NA,NA,NA,NA
210B,Ladnet,Coregonus_lavaretus,littoral/benthic,benthivore,25.45,NA,2.15,SD,NA,NA,NA,NA,NA,NA,NA,NA,NA,NA,NA,NA,NA,NA,NA,NA,NA,NA
104A,Lahpo,Coregonus_artedi,littoral/benthic,benthivore,NA,NA,NA,NA,NA,NA,NA,NA,NA,NA,NA,NA,NA,NA,NA,NA,NA,NA,NA,NA,NA,NA
104A,Lahpo,Coregonus_artedi,profundal,benthivore,NA,NA,NA,NA,NA,NA,NA,NA,NA,NA,NA,NA,NA,NA,NA,NA,NA,NA,NA,NA,NA,NA
108A,Lahpo,Coregonus_lavaretus,pelagic,planktivore,38.59,48,2.55,SD,-29.89,26,0.43,SD,8.48,26,0.4,SD,NA,NA,NA,NA,NA,NA,NA,NA,NA,NA
108A,Lahpo,Coregonus_lavaretus,littoral/benthic,benthivore,26.67,46,4.9,SD,-24.27,25,1.75,SD,7.95,25,0.44,SD,NA,NA,NA,NA,NA,NA,NA,NA,NA,NA
108A,Lahpo,Coregonus_lavaretus,profundal,benthivore,24.91,20,1.74,SD,-29.18,21,1.22,SD,9.97,21,0.56,SD,NA,NA,NA,NA,NA,NA,NA,NA,NA,NA
128A,Lahpo,Coregonus_lavaretus,pelagic,planktivore,38.34,46,0.36,SE,NA,NA,NA,NA,NA,NA,NA,NA,NA,NA,NA,NA,NA,NA,NA,NA,NA,NA
128A,Lahpo,Coregonus_lavaretus,littoral/benthic,benthivore,26.18,66,0.31,SE,NA,NA,NA,NA,NA,NA,NA,NA,NA,NA,NA,NA,NA,NA,NA,NA,NA,NA
210B,Lahpo,Coregonus_lavaretus,pelagic,planktivore,37.15,NA,1.85,SD,NA,NA,NA,NA,NA,NA,NA,NA,NA,NA,NA,NA,NA,NA,NA,NA,NA,NA
210B,Lahpo,Coregonus_lavaretus,littoral/benthic,benthivore,25.2,NA,2.3,SD,NA,NA,NA,NA,NA,NA,NA,NA,NA,NA,NA,NA,NA,NA,NA,NA,NA,NA
237A,Lahpo,Coregonus_lavaretus,pelagic,planktivore,35.81,159,0.2,SE,NA,NA,NA,NA,NA,NA,NA,NA,NA,NA,NA,NA,NA,NA,NA,NA,NA,NA
237A,Lahpo,Coregonus_lavaretus,littoral/benthic,benthivore,23.3,75,0.28,SE,NA,NA,NA,NA,NA,NA,NA,NA,NA,NA,NA,NA,NA,NA,NA,NA,NA,NA
210B,Langfjord,Coregonus_lavaretus,pelagic,planktivore,35.35,NA,1.95,SD,NA,NA,NA,NA,NA,NA,NA,NA,NA,NA,NA,NA,NA,NA,NA,NA,NA,NA
210B,Langfjord,Coregonus_lavaretus,littoral/benthic,benthivore,24.35,NA,2.6,SD,NA,NA,NA,NA,NA,NA,NA,NA,NA,NA,NA,NA,NA,NA,NA,NA,NA,NA
210B,Langfjord,Coregonus_lavaretus,profundal,benthivore,22.2,NA,2.35,SD,NA,NA,NA,NA,NA,NA,NA,NA,NA,NA,NA,NA,NA,NA,NA,NA,NA,NA
28A,Langfjord,Coregonus_lavaretus,pelagic,planktivore,35.2,20,3,SD,NA,NA,NA,NA,NA,NA,NA,NA,119,20,8,SD,mm,total,NA,NA,NA,NA
28A,Langfjord,Coregonus_lavaretus,littoral/benthic,benthivore,27.3,61,5.3,SD,NA,NA,NA,NA,NA,NA,NA,NA,163,61,41,SD,mm,total,NA,NA,NA,NA
28A,Langfjord,Coregonus_lavaretus,profundal,benthivore,22.6,47,2.4,SD,NA,NA,NA,NA,NA,NA,NA,NA,202,47,29,SD,mm,total,NA,NA,NA,NA
96A,Langfjord,Coregonus_lavaretus,pelagic,planktivore,35.1,65,0.9,SE,-31.21,32,0.31,SD,9.86,32,0.23,SD,NA,NA,NA,NA,NA,NA,NA,NA,NA,NA
96A,Langfjord,Coregonus_lavaretus,littoral/benthic,benthivore,24.7,69,0.4,SE,-27.83,21,0.59,SD,8.77,21,0.26,SD,NA,NA,NA,NA,NA,NA,NA,NA,NA,NA
96A,Langfjord,Coregonus_lavaretus,profundal,benthivore,21.7,55,0.4,SE,-29.55,38,0.52,SD,10.7,38,0.28,SD,NA,NA,NA,NA,NA,NA,NA,NA,NA,NA
287A,Ledoux,Salvelinus_fontinalis,littoral/benthic,NA,NA,NA,NA,NA,NA,NA,NA,NA,NA,NA,NA,NA,NA,NA,NA,NA,NA,NA,NA,NA,NA,NA
287A,Ledoux,Salvelinus_fontinalis,pelagic,NA,NA,NA,NA,NA,NA,NA,NA,NA,NA,NA,NA,NA,NA,NA,NA,NA,NA,NA,NA,NA,NA,NA
300A,Ledoux,Salvelinus_fontinalis,littoral/benthic,NA,NA,NA,NA,NA,NA,NA,NA,NA,NA,NA,NA,NA,NA,NA,NA,NA,NA,NA,NA,NA,NA,NA
300A,Ledoux,Salvelinus_fontinalis,generalist,NA,NA,NA,NA,NA,NA,NA,NA,NA,NA,NA,NA,NA,NA,NA,NA,NA,NA,NA,NA,NA,NA,NA
300A,Ledoux,Salvelinus_fontinalis,pelagic,NA,NA,NA,NA,NA,NA,NA,NA,NA,NA,NA,NA,NA,NA,NA,NA,NA,NA,NA,NA,NA,NA,NA
66A,Ledoux,Salvelinus_fontinalis,littoral/benthic,NA,NA,NA,NA,NA,-29.8,22,1.1,SD,6.3,22,0.4,SD,NA,NA,NA,NA,NA,NA,NA,NA,NA,NA
66A,Ledoux,Salvelinus_fontinalis,pelagic,NA,NA,NA,NA,NA,-29.5,23,1,SD,6,23,0.4,SD,NA,NA,NA,NA,NA,NA,NA,NA,NA,NA
3A,Limingen,Salvelinus_alpinus,profundal,NA,NA,NA,NA,NA,-25.55,27,0.78,SD,8.56,27,0.63,SD,173.9,27,31.7,SD,mm,NA,6.4,27,2.6,SD
3A,Limingen,Salvelinus_alpinus,profundal,piscivore,NA,NA,NA,NA,-25.09,14,0.61,SD,8.96,14,0.91,SD,297.1,14,59.3,SD,mm,NA,9.5,14,3.4,SD
3A,Limingen,Salvelinus_alpinus,generalist,planktivore,NA,NA,NA,NA,-26.09,39,0.94,SD,5.69,39,0.71,SD,310.6,39,83.7,SD,mm,NA,6.7,39,2.5,SD
79C,LittleTeslin,Coregonus_clupeaformis,pelagic,planktivore,30.5,30,NA,NA,NA,NA,NA,NA,NA,NA,NA,NA,NA,NA,NA,NA,NA,NA,NA,NA,NA,NA
79C,LittleTeslin,Coregonus_clupeaformis,littoral/benthic,benthivore,25.6,30,NA,NA,NA,NA,NA,NA,NA,NA,NA,NA,NA,NA,NA,NA,NA,NA,NA,NA,NA,NA
154B,LowerTazimina,Salvelinus_alpinus,NA,NA,22.81,28,1.4,SD,NA,NA,NA,NA,NA,NA,NA,NA,NA,NA,NA,NA,NA,NA,NA,NA,NA,NA
154B,LowerTazimina,Salvelinus_alpinus,NA,NA,23.05,28,1.88,SD,NA,NA,NA,NA,NA,NA,NA,NA,NA,NA,NA,NA,NA,NA,NA,NA,NA,NA
154B,LowerTazimina,Salvelinus_alpinus,NA,planktivore,29.04,33,1.83,SD,NA,NA,NA,NA,NA,NA,NA,NA,NA,NA,NA,NA,NA,NA,NA,NA,NA,NA
63A,LowerTazimina,Salvelinus_alpinus,NA,NA,23.8,21,1.9,SD,NA,NA,NA,NA,NA,NA,NA,NA,NA,NA,NA,NA,NA,NA,NA,NA,NA,NA
63A,LowerTazimina,Salvelinus_alpinus,NA,NA,22.8,23,2.12,SD,NA,NA,NA,NA,NA,NA,NA,NA,NA,NA,NA,NA,NA,NA,NA,NA,NA,NA
63A,LowerTazimina,Salvelinus_alpinus,NA,planktivore,27.9,30,2.28,SD,NA,NA,NA,NA,NA,NA,NA,NA,NA,NA,NA,NA,NA,NA,NA,NA,NA,NA
126A,Lucerne,Coregonus_lavaretus,NA,NA,27.7,62,2.8,SD,-28.01,11,0.29,SD,8.48,13,0.69,SD,NA,NA,NA,NA,NA,NA,NA,NA,NA,NA
126A,Lucerne,Coregonus_lavaretus,NA,NA,37.3,41,1.7,SD,-28.5,7,0.16,SD,8.12,7,0.36,SD,NA,NA,NA,NA,NA,NA,NA,NA,NA,NA
126A,Lucerne,Coregonus_lavaretus,NA,NA,37.9,135,2.6,SD,-27.94,13,0.2,SD,8.24,13,0.76,SD,NA,NA,NA,NA,NA,NA,NA,NA,NA,NA
156B,Lucerne,Coregonus_lavaretus,NA,NA,NA,NA,NA,NA,NA,NA,NA,NA,NA,NA,NA,NA,441.8,13,8.7,SE,mm,NA,NA,NA,NA,NA
156B,Lucerne,Coregonus_lavaretus,NA,NA,NA,NA,NA,NA,NA,NA,NA,NA,NA,NA,NA,NA,229.4,31,4.2,SE,mm,NA,NA,NA,NA,NA
17C,Lucerne,Coregonus_lavaretus,NA,NA,29.19,153,3.49,SD,NA,NA,NA,NA,NA,NA,NA,NA,361.15,154,41.91,SD,mm,standard,4.27,153,1.38,SD
17C,Lucerne,Coregonus_lavaretus,littoral/benthic,NA,31.53,98,4.2,SD,NA,NA,NA,NA,NA,NA,NA,NA,278.78,101,19.17,SD,mm,standard,2.88,101,1.03,SD
17C,Lucerne,Coregonus_lavaretus,pelagic,NA,29.82,56,3.17,SD,NA,NA,NA,NA,NA,NA,NA,NA,288.83,58,14.29,SD,mm,standard,2.38,58,0.62,SD
17C,Lucerne,Coregonus_lavaretus,NA,NA,36.95,37,1.58,SD,NA,NA,NA,NA,NA,NA,NA,NA,288.66,38,23.25,SD,mm,standard,5.82,38,0.83,SD
17C,Lucerne,Coregonus_lavaretus,NA,NA,38.13,247,2.5,SD,NA,NA,NA,NA,NA,NA,NA,NA,199.85,262,14.38,SD,mm,standard,3.65,262,0.9,SD
17C,Lucerne,Coregonus_lavaretus,NA,NA,31.9,20,2.73,SD,NA,NA,NA,NA,NA,NA,NA,NA,NA,NA,NA,NA,NA,NA,NA,NA,NA,NA
37C,Lucerne,Coregonus_lavaretus,NA,NA,27.3,10,2.58,SD,NA,NA,NA,NA,NA,NA,NA,NA,NA,NA,NA,NA,NA,NA,NA,NA,NA,NA
37C,Lucerne,Coregonus_lavaretus,NA,NA,37.29,7,2.56,SD,NA,NA,NA,NA,NA,NA,NA,NA,NA,NA,NA,NA,NA,NA,NA,NA,NA,NA
37C,Lucerne,Coregonus_lavaretus,NA,NA,38.67,9,2.78,SD,NA,NA,NA,NA,NA,NA,NA,NA,NA,NA,NA,NA,NA,NA,NA,NA,NA,NA
37C,Maggiore,Coregonus_lavaretus,NA,NA,36.33,6,3.2,SD,NA,NA,NA,NA,NA,NA,NA,NA,NA,NA,NA,NA,NA,NA,NA,NA,NA,NA
37C,Maggiore,Coregonus_lavaretus,NA,NA,31.13,8,2.7,SD,NA,NA,NA,NA,NA,NA,NA,NA,NA,NA,NA,NA,NA,NA,NA,NA,NA,NA
176A,Maree,Salvelinus_alpinus,NA,generalist invertivore,NA,NA,NA,NA,NA,NA,NA,NA,NA,NA,NA,NA,126.43,24,7.14,SE,mm,NA,NA,NA,NA,NA
176A,Maree,Salvelinus_alpinus,NA,planktivore,NA,NA,NA,NA,NA,NA,NA,NA,NA,NA,NA,NA,210.71,7,35,SE,mm,NA,NA,NA,NA,NA
04C,Memesagamesing,Coregonus_artedi,littoral/benthic,NA,50.1,16,2.09,SD,NA,NA,NA,NA,NA,NA,NA,NA,NA,NA,NA,NA,NA,NA,NA,NA,NA,NA
04C,Memesagamesing,Coregonus_artedi,pelagic,NA,48.8,31,2.11,SD,NA,NA,NA,NA,NA,NA,NA,NA,NA,NA,NA,NA,NA,NA,NA,NA,NA,NA
34C,MistassiniF,Salvelinus_fontinalis,NA,NA,NA,NA,NA,NA,NA,NA,NA,NA,NA,NA,NA,NA,510.1,41,34.7,SD,mm,fork,4.64,41,0.71,SD
34C,MistassiniF,Salvelinus_fontinalis,NA,NA,NA,NA,NA,NA,NA,NA,NA,NA,NA,NA,NA,NA,502.74,173,31.17,SD,mm,fork,4.39,173,0.64,SD
34C,MistassiniF,Salvelinus_fontinalis,NA,NA,NA,NA,NA,NA,NA,NA,NA,NA,NA,NA,NA,NA,455.82,96,56.27,SD,mm,fork,3.67,96,0.67,SD
198A,MistassiniN,Salvelinus_namaycush,profundal,NA,NA,NA,NA,NA,NA,NA,NA,NA,NA,NA,NA,NA,413,39,7,SE,cm,NA,NA,NA,NA,NA
198A,MistassiniN,Salvelinus_namaycush,shallow,NA,NA,NA,NA,NA,NA,NA,NA,NA,NA,NA,NA,NA,433,48,8,SE,cm,NA,NA,NA,NA,NA
148A,Muddus,Coregonus_lavaretus,pelagic,planktivore,34.39,833,0.065,SE,-28.7,30,0.31,95CI,8.42,30,0.095,95CI,NA,NA,NA,NA,NA,NA,NA,NA,NA,NA
148A,Muddus,Coregonus_lavaretus,littoral/benthic,benthivore,22.94,216,0.12,SE,-26.6,30,0.53,95CI,7.44,30,0.15,95CI,NA,NA,NA,NA,NA,NA,NA,NA,NA,NA
148A,Muddus,Coregonus_lavaretus,profundal,benthivore,16.55,287,0.08,SE,-28.7,30,0.34,95CI,10.21,30,0.11,95CI,NA,NA,NA,NA,NA,NA,NA,NA,NA,NA
14B,Muddus,Coregonus_lavaretus,pelagic,planktivore,38.33,3,4.16,SD,-29.06,3,0.16,SD,8.32,3,0.3,SD,155,3,10.54,SD,mm,total,NA,NA,NA,NA
14B,Muddus,Coregonus_lavaretus,pelagic,generalist invertivore,36.33,3,1.15,SD,-28.33,3,0.55,SD,7.99,3,0.21,SD,303.33,3,4.51,SD,mm,total,NA,NA,NA,NA
14B,Muddus,Coregonus_lavaretus,littoral/benthic,benthivore,24,3,1,SD,-24.28,3,0.89,SD,7.55,3,0.6,SD,304.33,3,37,SD,mm,total,NA,NA,NA,NA
14B,Muddus,Coregonus_lavaretus,profundal,benthivore,17.67,3,0.58,SD,-30.91,3,1.08,SD,9.56,3,0.22,SD,234.67,3,6.51,SD,mm,total,NA,NA,NA,NA
189A,Muddus,Coregonus_lavaretus,pelagic,planktivore,35.43,154,0.15,SE,NA,NA,NA,NA,NA,NA,NA,NA,NA,NA,NA,NA,NA,NA,NA,NA,NA,NA
189A,Muddus,Coregonus_lavaretus,littoral/benthic,benthivore,23.14,17,0.68,SE,NA,NA,NA,NA,NA,NA,NA,NA,NA,NA,NA,NA,NA,NA,NA,NA,NA,NA
189A,Muddus,Coregonus_lavaretus,profundal,benthivore,16.87,9,0.28,SE,NA,NA,NA,NA,NA,NA,NA,NA,NA,NA,NA,NA,NA,NA,NA,NA,NA,NA
210B,Muddus,Coregonus_lavaretus,pelagic,planktivore,34.45,NA,1.95,SD,NA,NA,NA,NA,NA,NA,NA,NA,NA,NA,NA,NA,NA,NA,NA,NA,NA,NA
210B,Muddus,Coregonus_lavaretus,littoral/benthic,benthivore,23.3,NA,1.7,SD,NA,NA,NA,NA,NA,NA,NA,NA,NA,NA,NA,NA,NA,NA,NA,NA,NA,NA
210B,Muddus,Coregonus_lavaretus,profundal,benthivore,17.15,NA,1.2,SD,NA,NA,NA,NA,NA,NA,NA,NA,NA,NA,NA,NA,NA,NA,NA,NA,NA,NA
211A,Muddus,Coregonus_lavaretus,pelagic,planktivore,33.97,90,NA,NA,NA,NA,NA,NA,NA,NA,NA,NA,NA,NA,NA,NA,NA,NA,NA,NA,NA,NA
211A,Muddus,Coregonus_lavaretus,littoral/benthic,benthivore,23.06,84,NA,NA,NA,NA,NA,NA,NA,NA,NA,NA,NA,NA,NA,NA,NA,NA,NA,NA,NA,NA
211A,Muddus,Coregonus_lavaretus,profundal,benthivore,16.93,80,NA,NA,NA,NA,NA,NA,NA,NA,NA,NA,NA,NA,NA,NA,NA,NA,NA,NA,NA,NA
242A,Muddus,Coregonus_lavaretus,littoral/benthic,benthivore,22.83,1156,0.05,SE,NA,NA,NA,NA,NA,NA,NA,NA,215.98,189,NA,NA,mm,NA,NA,NA,NA,NA
242A,Muddus,Coregonus_lavaretus,profundal,benthivore,16.8,346,0.07,SE,NA,NA,NA,NA,NA,NA,NA,NA,150.89,105,NA,NA,mm,NA,NA,NA,NA,NA
40B,Muddus,Coregonus_lavaretus,pelagic,planktivore,36,29,0.4,SE,-29.5,29,0.3,SE,8.5,29,0.1,SE,13.7,29,0.3,SE,mm,total,3.1,29,0.3,SE
40B,Muddus,Coregonus_lavaretus,pelagic,generalist invertivore,33.9,30,0.4,SE,-29.1,30,0.3,SE,7.6,30,0.1,SE,30,30,0.2,SE,mm,total,10.1,30,0.8,SE
40B,Muddus,Coregonus_lavaretus,littoral/benthic,benthivore,23.2,30,0.4,SE,-26.6,30,0.3,SE,7.8,30,0.1,SE,25,30,1,SE,mm,total,5.5,30,0.6,SE
40B,Muddus,Coregonus_lavaretus,profundal,benthivore,17.2,29,0.4,SE,-30,29,0.3,SE,9.6,29,0.1,SE,18.2,29,0.9,SE,mm,total,8.1,29,0.9,SE
55B,Muddus,Coregonus_lavaretus,pelagic,planktivore,35.1,9,0.6,SE,NA,NA,NA,NA,NA,NA,NA,NA,14.7,9,1,SE,mm,total,NA,NA,NA,NA
55B,Muddus,Coregonus_lavaretus,littoral/benthic,benthivore,23.9,8,0.6,SE,NA,NA,NA,NA,NA,NA,NA,NA,23.6,8,1.2,SE,mm,total,NA,NA,NA,NA
55B,Muddus,Coregonus_lavaretus,profundal,benthivore,17.8,8,0.5,SE,NA,NA,NA,NA,NA,NA,NA,NA,16.3,8,1,SE,mm,total,NA,NA,NA,NA
126A,Neuchatel,Coregonus_lavaretus,NA,NA,32.2,60,2,SD,-27.87,11,0.19,SD,13.39,11,0.58,SD,NA,NA,NA,NA,NA,NA,NA,NA,NA,NA
126A,Neuchatel,Coregonus_lavaretus,NA,NA,29.9,68,3.1,SD,-28.12,10,0.31,SD,13.28,11,0.51,SD,NA,NA,NA,NA,NA,NA,NA,NA,NA,NA
37C,Neuchatel,Coregonus_lavaretus,NA,NA,32,7,2.16,SD,NA,NA,NA,NA,NA,NA,NA,NA,NA,NA,NA,NA,NA,NA,NA,NA,NA,NA
37C,Neuchatel,Coregonus_lavaretus,NA,NA,27.14,7,3.08,SD,NA,NA,NA,NA,NA,NA,NA,NA,NA,NA,NA,NA,NA,NA,NA,NA,NA,NA
04C,Nipigon,Coregonus_artedi,NA,NA,46.42,60,2.2,SD,NA,NA,NA,NA,NA,NA,NA,NA,NA,NA,NA,NA,NA,NA,NA,NA,NA,NA
04C,Nipigon,Coregonus_artedi,NA,NA,49.7,45,2.76,SD,NA,NA,NA,NA,NA,NA,NA,NA,NA,NA,NA,NA,NA,NA,NA,NA,NA,NA
255A,Nipigon,Coregonus_artedi,NA,planktivore,NA,NA,NA,NA,NA,NA,NA,NA,NA,NA,NA,NA,219,45,26,SD,mm,NA,NA,NA,NA,NA
255A,Nipigon,Coregonus_artedi,profundal,NA,NA,NA,NA,NA,NA,NA,NA,NA,NA,NA,NA,NA,231,50,17,SD,mm,NA,NA,NA,NA,NA
255A,Nipigon,Coregonus_artedi,NA,NA,NA,NA,NA,NA,NA,NA,NA,NA,NA,NA,NA,NA,290,50,38,SD,mm,NA,NA,NA,NA,NA
255A,Nipigon,Coregonus_artedi,NA,NA,NA,NA,NA,NA,NA,NA,NA,NA,NA,NA,NA,NA,321,57,34,SD,mm,NA,NA,NA,NA,NA
284A,Nipigon,Coregonus_artedi,shallow,planktivore,46.6,45,2.56,SD,NA,NA,NA,NA,NA,NA,NA,NA,NA,NA,NA,NA,NA,NA,NA,NA,NA,NA
284A,Nipigon,Coregonus_artedi,profundal,NA,45.24,50,1.94,SD,NA,NA,NA,NA,NA,NA,NA,NA,NA,NA,NA,NA,NA,NA,NA,NA,NA,NA
284A,Nipigon,Coregonus_artedi,NA,NA,50.66,50,1.91,SD,NA,NA,NA,NA,NA,NA,NA,NA,NA,NA,NA,NA,NA,NA,NA,NA,NA,NA
284A,Nipigon,Coregonus_artedi,NA,NA,38.42,58,4.17,SD,NA,NA,NA,NA,NA,NA,NA,NA,NA,NA,NA,NA,NA,NA,NA,NA,NA,NA
202A,Njalla,Coregonus_lavaretus,pelagic,planktivore,35.27,72,0.33,SE,NA,NA,NA,NA,NA,NA,NA,NA,NA,NA,NA,NA,NA,NA,NA,NA,NA,NA
202A,Njalla,Coregonus_lavaretus,littoral/benthic,benthivore,23.92,127,0.19,SE,NA,NA,NA,NA,NA,NA,NA,NA,NA,NA,NA,NA,NA,NA,NA,NA,NA,NA
210B,Njalla,Coregonus_lavaretus,pelagic,planktivore,34.85,NA,2.95,SD,NA,NA,NA,NA,NA,NA,NA,NA,NA,NA,NA,NA,NA,NA,NA,NA,NA,NA
210B,Njalla,Coregonus_lavaretus,littoral/benthic,benthivore,23.75,NA,2.3,SD,NA,NA,NA,NA,NA,NA,NA,NA,NA,NA,NA,NA,NA,NA,NA,NA,NA,NA
01C,Normu1ipSaqqaataTasia,Salvelinus_alpinus,littoral/benthic,benthivore,NA,NA,NA,NA,-25.46,13,2.03,SD,8.95,13,0.81,SD,238.38,13,79.28,SD,mm,total,NA,NA,NA,NA
01C,Normu1ipSaqqaataTasia,Salvelinus_alpinus,NA,piscivore,NA,NA,NA,NA,-24.14,48,1.29,SD,12.27,48,0.68,SD,386.85,48,79.63,SD,mm,total,NA,NA,NA,NA
148A,Paadar,Coregonus_lavaretus,pelagic,planktivore,35.95,37,0.32,SE,-27.8,30,0.27,95CI,8.53,30,0.083,SE,NA,NA,NA,NA,NA,NA,NA,NA,NA,NA
148A,Paadar,Coregonus_lavaretus,littoral/benthic,benthivore,24.2,93,0.21,SE,-23.8,30,0.61,95CI,7.26,30,0.14,SE,NA,NA,NA,NA,NA,NA,NA,NA,NA,NA
148A,Paadar,Coregonus_lavaretus,profundal,benthivore,18.11,81,0.14,SE,-28.4,30,0.41,95CI,9.98,30,0.095,SE,NA,NA,NA,NA,NA,NA,NA,NA,NA,NA
14B,Paadar,Coregonus_lavaretus,pelagic,planktivore,40,3,0,SD,-29.07,3,0.27,SD,8.88,3,0.22,SD,154.33,3,7.02,SD,mm,total,NA,NA,NA,NA
14B,Paadar,Coregonus_lavaretus,pelagic,generalist invertivore,36,3,1,SD,-27.51,3,0.82,SD,8.47,3,0.2,SD,312.33,3,5.03,SD,mm,total,NA,NA,NA,NA
14B,Paadar,Coregonus_lavaretus,littoral/benthic,benthivore,23.67,3,1.53,SD,-22.39,3,0.25,SD,7.61,3,0.45,SD,397.67,3,20.5,SD,mm,total,NA,NA,NA,NA
14B,Paadar,Coregonus_lavaretus,profundal,benthivore,18.33,3,0.58,SD,-30.45,3,1.48,SD,9.71,3,0.72,SD,221.67,3,42.71,SD,mm,total,NA,NA,NA,NA
210B,Paadar,Coregonus_lavaretus,pelagic,planktivore,35.4,NA,2.2,SD,NA,NA,NA,NA,NA,NA,NA,NA,NA,NA,NA,NA,NA,NA,NA,NA,NA,NA
210B,Paadar,Coregonus_lavaretus,littoral/benthic,benthivore,24.25,NA,1.8,SD,NA,NA,NA,NA,NA,NA,NA,NA,NA,NA,NA,NA,NA,NA,NA,NA,NA,NA
210B,Paadar,Coregonus_lavaretus,profundal,benthivore,18.3,NA,1.35,SD,NA,NA,NA,NA,NA,NA,NA,NA,NA,NA,NA,NA,NA,NA,NA,NA,NA,NA
40B,Paadar,Coregonus_lavaretus,pelagic,planktivore,37.5,30,0.4,SE,-29.5,30,0.3,SE,9.2,30,0.1,SE,143,30,2,SE,cm,total,4.7,30,0.3,SE
40B,Paadar,Coregonus_lavaretus,pelagic,generalist invertivore,33.9,29,0.4,SE,-28,29,0.3,SE,8,29,0.1,SE,305,29,7,SE,cm,total,10.5,29,0.7,SE
40B,Paadar,Coregonus_lavaretus,littoral/benthic,benthivore,24.7,31,0.4,SE,-24.6,31,0.3,SE,7.4,31,0.1,SE,262,31,15,SE,cm,total,6.8,31,0.9,SE
40B,Paadar,Coregonus_lavaretus,profundal,benthivore,18.5,30,0.4,SE,-30.3,30,0.3,SE,9.7,30,0.1,SE,190,30,8,SE,cm,total,6.8,30,0.8,SE
49C,Padorinskoe,Salvelinus_alpinus,NA,piscivore,NA,NA,NA,NA,NA,NA,NA,NA,NA,NA,NA,NA,347.61,9,38.02,SD,mm,fork,15.89,9,2.9,SD
49C,Padorinskoe,Salvelinus_alpinus,NA,benthivore,NA,NA,NA,NA,NA,NA,NA,NA,NA,NA,NA,NA,213.99,156,33.22,SD,mm,fork,9.92,156,3.1,SD
28A,Pulmanki,Coregonus_lavaretus,pelagic,planktivore,40,55,2.2,SD,NA,NA,NA,NA,NA,NA,NA,NA,235,55,14,SD,mm,total,NA,NA,NA,NA
28A,Pulmanki,Coregonus_lavaretus,littoral/benthic,benthivore,24.2,31,1.8,SD,NA,NA,NA,NA,NA,NA,NA,NA,235,31,77,SD,mm,total,NA,NA,NA,NA
28A,Pulmanki,Coregonus_lavaretus,profundal,benthivore,23.9,37,1.6,SD,NA,NA,NA,NA,NA,NA,NA,NA,287,37,25,SD,mm,total,NA,NA,NA,NA
04C,Radiant,Coregonus_artedi,littoral/benthic,NA,56.66,56,3.76,SD,NA,NA,NA,NA,NA,NA,NA,NA,NA,NA,NA,NA,NA,NA,NA,NA,NA,NA
04C,Radiant,Coregonus_artedi,pelagic,NA,51.78,6,5.84,SD,NA,NA,NA,NA,NA,NA,NA,NA,NA,NA,NA,NA,NA,NA,NA,NA,NA,NA
21C,Rannoch,Salvelinus_alpinus,littoral/benthic,benthivore,NA,NA,NA,NA,NA,NA,NA,NA,NA,NA,NA,NA,206.3,35,47.2,SD,mm,fork,NA,NA,NA,NA
21C,Rannoch,Salvelinus_alpinus,littoral/benthic,piscivore,NA,NA,NA,NA,NA,NA,NA,NA,NA,NA,NA,NA,288.2,35,52,SD,mm,fork,NA,NA,NA,NA
21C,Rannoch,Salvelinus_alpinus,pelagic,planktivore,NA,NA,NA,NA,NA,NA,NA,NA,NA,NA,NA,NA,234.1,31,17.8,SD,mm,fork,NA,NA,NA,NA
234A,Rannoch,Salvelinus_alpinus,littoral/benthic,benthivore,NA,NA,NA,NA,NA,NA,NA,NA,NA,NA,NA,NA,NA,NA,NA,NA,NA,NA,NA,NA,NA,NA
234A,Rannoch,Salvelinus_alpinus,pelagic,planktivore,NA,NA,NA,NA,NA,NA,NA,NA,NA,NA,NA,NA,NA,NA,NA,NA,NA,NA,NA,NA,NA,NA
269B,Rannoch,Salvelinus_alpinus,littoral/benthic,benthivore,NA,NA,NA,NA,NA,NA,NA,NA,NA,NA,NA,NA,NA,NA,NA,NA,NA,NA,4.29,100,0.17,SE
269B,Rannoch,Salvelinus_alpinus,littoral/benthic,piscivore,NA,NA,NA,NA,NA,NA,NA,NA,NA,NA,NA,NA,NA,NA,NA,NA,NA,NA,8.25,121,0.51,SE
269B,Rannoch,Salvelinus_alpinus,pelagic,planktivore,NA,NA,NA,NA,NA,NA,NA,NA,NA,NA,NA,NA,NA,NA,NA,NA,NA,NA,3.56,184,0.11,SE
296A,Rannoch,Salvelinus_alpinus,littoral/benthic,benthivore,NA,NA,NA,NA,NA,NA,NA,NA,NA,NA,NA,NA,NA,NA,NA,NA,NA,NA,NA,NA,NA,NA
296A,Rannoch,Salvelinus_alpinus,littoral/benthic,piscivore,NA,NA,NA,NA,NA,NA,NA,NA,NA,NA,NA,NA,NA,NA,NA,NA,NA,NA,NA,NA,NA,NA
296A,Rannoch,Salvelinus_alpinus,pelagic,planktivore,NA,NA,NA,NA,NA,NA,NA,NA,NA,NA,NA,NA,NA,NA,NA,NA,NA,NA,NA,NA,NA,NA
313A,Rannoch,Salvelinus_alpinus,littoral/benthic,benthivore,NA,NA,NA,NA,NA,NA,NA,NA,NA,NA,NA,NA,NA,NA,NA,NA,NA,NA,NA,NA,NA,NA
313A,Rannoch,Salvelinus_alpinus,littoral/benthic,piscivore,NA,NA,NA,NA,NA,NA,NA,NA,NA,NA,NA,NA,NA,NA,NA,NA,NA,NA,NA,NA,NA,NA
313A,Rannoch,Salvelinus_alpinus,pelagic,planktivore,NA,NA,NA,NA,NA,NA,NA,NA,NA,NA,NA,NA,NA,NA,NA,NA,NA,NA,NA,NA,NA,NA
93C,Rannoch,Salvelinus_alpinus,pelagic,planktivore,NA,NA,NA,NA,NA,NA,NA,NA,NA,NA,NA,NA,232.87,78,18.95,SD,mm,fork,3.92,78,1.1,SD
93C,Rannoch,Salvelinus_alpinus,littoral/benthic,omnivore,NA,NA,NA,NA,NA,NA,NA,NA,NA,NA,NA,NA,199.15,243,30.6,SD,mm,fork,6.05,243,1.84,SD
42A,Rush,Salvelinus_namaycush,profundal,NA,NA,NA,NA,NA,NA,NA,NA,NA,NA,NA,NA,NA,393,43,8,SE,mm,total,16.8,43,0.6,SE
42A,Rush,Salvelinus_namaycush,shallow,NA,NA,NA,NA,NA,NA,NA,NA,NA,NA,NA,NA,NA,430,38,10.8,SE,mm,total,11.7,38,0.9,SE
202A,Ruskebukt,Coregonus_lavaretus,pelagic,NA,34.64,175,0.23,SE,NA,NA,NA,NA,NA,NA,NA,NA,NA,NA,NA,NA,NA,NA,NA,NA,NA,NA
202A,Ruskebukt,Coregonus_lavaretus,littoral/benthic,NA,23.08,112,0.24,SE,NA,NA,NA,NA,NA,NA,NA,NA,NA,NA,NA,NA,NA,NA,NA,NA,NA,NA
38C,Ruskebukt,Coregonus_lavaretus,pelagic,NA,NA,NA,NA,NA,NA,NA,NA,NA,NA,NA,NA,NA,111.54,22,28.09,SD,mm,fork,NA,NA,NA,NA
38C,Ruskebukt,Coregonus_lavaretus,littoral/benthic,NA,NA,NA,NA,NA,NA,NA,NA,NA,NA,NA,NA,NA,94.07,20,43.1,SD,mm,fork,NA,NA,NA,NA
01C,SaqqaataTasia,Salvelinus_alpinus,littoral/benthic,benthivore,NA,NA,NA,NA,-23.14,17,2.5,SD,9.61,17,1.06,SD,214.5,18,83.25,SD,mm,total,NA,NA,NA,NA
01C,SaqqaataTasia,Salvelinus_alpinus,profundal,benthivore,NA,NA,NA,NA,-26.36,9,0.43,SD,10.37,9,0.68,SD,160.78,9,16.39,SD,mm,total,NA,NA,NA,NA
01C,SaqqaataTasia,Salvelinus_alpinus,NA,piscivore,NA,NA,NA,NA,-24.06,18,0.79,SD,12.41,18,0.47,SD,412.33,18,98.04,SD,mm,total,NA,NA,NA,NA
01C,SaqqaataTasia,Salvelinus_alpinus,NA,piscivore,NA,NA,NA,NA,-24.05,26,1.51,SD,11.9,26,0.98,SD,421.12,26,92.61,SD,mm,total,NA,NA,NA,NA
01C,SaqqaataTasia,Salvelinus_alpinus,pelagic,planktivore,NA,NA,NA,NA,-26.25,26,0.89,SD,8.73,26,0.58,SD,186.96,27,31.43,SD,mm,total,NA,NA,NA,NA
264A,Severonichatskoe,Salvelinus_alpinus,NA,planktivore,NA,NA,NA,NA,NA,NA,NA,NA,NA,NA,NA,NA,NA,NA,NA,NA,NA,NA,NA,NA,NA,NA
264A,Severonichatskoe,Salvelinus_alpinus,NA,piscivore,NA,NA,NA,NA,NA,NA,NA,NA,NA,NA,NA,NA,NA,NA,NA,NA,NA,NA,NA,NA,NA,NA
49C,Severonichatskoe,Salvelinus_alpinus,NA,planktivore,NA,NA,NA,NA,NA,NA,NA,NA,NA,NA,NA,NA,167.79,111,35.34,SD,mm,fork,7.8,111,3.27,SD
49C,Severonichatskoe,Salvelinus_alpinus,NA,piscivore,NA,NA,NA,NA,NA,NA,NA,NA,NA,NA,NA,NA,377.58,36,79.75,SD,mm,fork,11.24,36,2.94,SD
318A,Sirdals,Salvelinus_alpinus,littoral/benthic,NA,26.5,64,1.9,95CI,NA,NA,NA,NA,NA,NA,NA,NA,NA,NA,NA,NA,NA,NA,NA,NA,NA,NA
318A,Sirdals,Salvelinus_alpinus,profundal,NA,34.4,17,2.6,95CI,NA,NA,NA,NA,NA,NA,NA,NA,NA,NA,NA,NA,NA,NA,NA,NA,NA,NA
5A,Sko,Salvelinus_alpinus,littoral/benthic,omnivore,NA,NA,NA,NA,-26.9,56,2.1,SD,6.2,56,0.7,SD,185,43,65,SD,mm,NA,NA,NA,NA,NA
5A,Sko,Salvelinus_alpinus,profundal,planktivore,NA,NA,NA,NA,-28.3,31,2.1,SD,8.1,31,1,SD,95,10,17,SD,mm,NA,NA,NA,NA,NA
136B,Skogsfjord,Salvelinus_alpinus,littoral/benthic,omnivore,NA,NA,NA,NA,NA,NA,NA,NA,NA,NA,NA,NA,NA,NA,NA,NA,NA,NA,NA,NA,NA,NA
136B,Skogsfjord,Salvelinus_alpinus,profundal,benthivore,NA,NA,NA,NA,NA,NA,NA,NA,NA,NA,NA,NA,NA,NA,NA,NA,NA,NA,NA,NA,NA,NA
136B,Skogsfjord,Salvelinus_alpinus,profundal,piscivore,NA,NA,NA,NA,NA,NA,NA,NA,NA,NA,NA,NA,NA,NA,NA,NA,NA,NA,NA,NA,NA,NA
38A,Skogsfjord,Salvelinus_alpinus,littoral/benthic,omnivore,NA,NA,NA,NA,NA,NA,NA,NA,NA,NA,NA,NA,205,97,78,SD,mm,fork,NA,NA,NA,NA
38A,Skogsfjord,Salvelinus_alpinus,profundal,benthivore,NA,NA,NA,NA,NA,NA,NA,NA,NA,NA,NA,NA,114,60,18,SD,mm,fork,NA,NA,NA,NA
38A,Skogsfjord,Salvelinus_alpinus,profundal,piscivore,NA,NA,NA,NA,NA,NA,NA,NA,NA,NA,NA,NA,224,92,79,SD,mm,fork,NA,NA,NA,NA
43A,Skogsfjord,Salvelinus_alpinus,littoral/benthic,omnivore,NA,NA,NA,NA,NA,NA,NA,NA,NA,NA,NA,NA,NA,NA,NA,NA,NA,NA,NA,NA,NA,NA
43A,Skogsfjord,Salvelinus_alpinus,profundal,benthivore,NA,NA,NA,NA,NA,NA,NA,NA,NA,NA,NA,NA,NA,NA,NA,NA,NA,NA,NA,NA,NA,NA
43A,Skogsfjord,Salvelinus_alpinus,profundal,piscivore,NA,NA,NA,NA,NA,NA,NA,NA,NA,NA,NA,NA,NA,NA,NA,NA,NA,NA,NA,NA,NA,NA
57B,Skogsfjord,Salvelinus_alpinus,littoral/benthic,omnivore,NA,NA,NA,NA,-27.65,156,1.56,SD,5.41,156,0.95,SD,NA,NA,NA,NA,NA,NA,NA,NA,NA,NA
57B,Skogsfjord,Salvelinus_alpinus,profundal,benthivore,NA,NA,NA,NA,-26.51,53,0.45,SD,8.4,53,0.55,SD,NA,NA,NA,NA,NA,NA,NA,NA,NA,NA
57B,Skogsfjord,Salvelinus_alpinus,profundal,piscivore,NA,NA,NA,NA,-25.07,136,0.95,SD,9.55,136,0.76,SD,NA,NA,NA,NA,NA,NA,NA,NA,NA,NA
58B,Skogsfjord,Salvelinus_alpinus,littoral/benthic,omnivore,NA,NA,NA,NA,NA,NA,NA,NA,NA,NA,NA,NA,234.6,36,20.8,SD,mm,fork,5.9,36,1.4,SD
58B,Skogsfjord,Salvelinus_alpinus,profundal,benthivore,NA,NA,NA,NA,NA,NA,NA,NA,NA,NA,NA,NA,117.6,30,15.1,SD,mm,fork,4.6,30,1.7,SD
58B,Skogsfjord,Salvelinus_alpinus,profundal,piscivore,NA,NA,NA,NA,NA,NA,NA,NA,NA,NA,NA,NA,282.3,30,48.3,SD,mm,fork,7,30,2,SD
68A,Skogsfjord,Salvelinus_alpinus,littoral/benthic,omnivore,NA,NA,NA,NA,NA,NA,NA,NA,NA,NA,NA,NA,248,61,61,SD,mm,fork,NA,NA,NA,NA
68A,Skogsfjord,Salvelinus_alpinus,profundal,benthivore,NA,NA,NA,NA,NA,NA,NA,NA,NA,NA,NA,NA,107,47,13.1,SD,mm,fork,NA,NA,NA,NA
68A,Skogsfjord,Salvelinus_alpinus,profundal,piscivore,NA,NA,NA,NA,NA,NA,NA,NA,NA,NA,NA,NA,254,51,60.5,SD,mm,fork,NA,NA,NA,NA
202A,Skrukkebukta,Coregonus_lavaretus,littoral/benthic,NA,22.3,146,0.26,SE,NA,NA,NA,NA,NA,NA,NA,NA,NA,NA,NA,NA,NA,NA,NA,NA,NA,NA
202A,Skrukkebukta,Coregonus_lavaretus,pelagic,planktivore,33.79,169,0.18,SE,NA,NA,NA,NA,NA,NA,NA,NA,NA,NA,NA,NA,NA,NA,NA,NA,NA,NA
210B,Skrukkebukta,Coregonus_lavaretus,pelagic,planktivore,32.1,NA,2.4,SD,NA,NA,NA,NA,NA,NA,NA,NA,NA,NA,NA,NA,NA,NA,NA,NA,NA,NA
210B,Skrukkebukta,Coregonus_lavaretus,littoral/benthic,benthivore,23,NA,2.95,SD,NA,NA,NA,NA,NA,NA,NA,NA,NA,NA,NA,NA,NA,NA,NA,NA,NA,NA
210B,Skrukkebukta,Coregonus_lavaretus,profundal,benthivore,19.75,NA,1.9,SD,NA,NA,NA,NA,NA,NA,NA,NA,NA,NA,NA,NA,NA,NA,NA,NA,NA,NA
28A,Skrukkebukta,Coregonus_lavaretus,pelagic,planktivore,33.1,16,3.1,SD,NA,NA,NA,NA,NA,NA,NA,NA,137,16,32,SD,mm,total,NA,NA,NA,NA
28A,Skrukkebukta,Coregonus_lavaretus,littoral/benthic,benthivore,24.9,32,2.5,SD,NA,NA,NA,NA,NA,NA,NA,NA,199,32,59,SD,mm,total,NA,NA,NA,NA
28A,Skrukkebukta,Coregonus_lavaretus,profundal,benthivore,20,39,1.8,SD,NA,NA,NA,NA,NA,NA,NA,NA,163,39,19,SD,mm,total,NA,NA,NA,NA
38C,Skrukkebukta,Coregonus_lavaretus,pelagic,planktivore,NA,NA,NA,NA,NA,NA,NA,NA,NA,NA,NA,NA,95.93,69,16.73,SD,mm,fork,NA,NA,NA,NA
38C,Skrukkebukta,Coregonus_lavaretus,littoral/benthic,benthivore,NA,NA,NA,NA,NA,NA,NA,NA,NA,NA,NA,NA,100.95,9,57.7,SD,mm,fork,NA,NA,NA,NA
96A,Skrukkebukta,Coregonus_lavaretus,pelagic,planktivore,33.4,41,0.6,SE,-25.95,57,0.37,SD,8.81,57,0.21,SD,NA,NA,NA,NA,NA,NA,NA,NA,NA,NA
96A,Skrukkebukta,Coregonus_lavaretus,littoral/benthic,benthivore,24,24,0.5,SE,-23.67,35,0.44,SD,9.19,35,0.23,SD,NA,NA,NA,NA,NA,NA,NA,NA,NA,NA
96A,Skrukkebukta,Coregonus_lavaretus,profundal,benthivore,19.9,61,0.3,SE,-26.26,30,0.58,SD,10.84,30,0.33,SD,NA,NA,NA,NA,NA,NA,NA,NA,NA,NA
79C,Squanga,Coregonus_clupeaformis,pelagic,planktivore,29.1,30,NA,NA,NA,NA,NA,NA,NA,NA,NA,NA,NA,NA,NA,NA,NA,NA,NA,NA,NA,NA
79C,Squanga,Coregonus_clupeaformis,littoral/benthic,benthivore,23.4,30,NA,NA,NA,NA,NA,NA,NA,NA,NA,NA,NA,NA,NA,NA,NA,NA,NA,NA,NA,NA
176A,Stack,Salvelinus_alpinus,NA,generalist invertivore,NA,NA,NA,NA,NA,NA,NA,NA,NA,NA,NA,NA,127.86,29,9.29,SE,mm,NA,NA,NA,NA,NA
176A,Stack,Salvelinus_alpinus,NA,planktivore,NA,NA,NA,NA,NA,NA,NA,NA,NA,NA,NA,NA,201.43,41,7.14,SE,mm,NA,NA,NA,NA,NA
166A,Stechlin,Coregonus_albula,pelagic,planktivore,NA,NA,NA,NA,NA,NA,NA,NA,NA,NA,NA,NA,115.97,473,16.49,SD,mm,NA,NA,NA,NA,NA
166A,Stechlin,Coregonus_albula,pelagic,planktivore,NA,NA,NA,NA,NA,NA,NA,NA,NA,NA,NA,NA,94.91,162,10.16,SD,mm,NA,NA,NA,NA,NA
118A,Stora-Vidar,Salvelinus_alpinus,NA,NA,NA,NA,NA,NA,NA,NA,NA,NA,NA,NA,NA,NA,NA,NA,NA,NA,NA,NA,NA,NA,NA,NA
118A,Stora-Vidar,Salvelinus_alpinus,NA,NA,NA,NA,NA,NA,NA,NA,NA,NA,NA,NA,NA,NA,NA,NA,NA,NA,NA,NA,NA,NA,NA,NA
118A,Stora-Vidar,Salvelinus_alpinus,NA,NA,NA,NA,NA,NA,NA,NA,NA,NA,NA,NA,NA,NA,NA,NA,NA,NA,NA,NA,NA,NA,NA,NA
75C,Stora-Vidar,Salvelinus_alpinus,littoral/benthic,benthivore,NA,NA,NA,NA,NA,NA,NA,NA,NA,NA,NA,NA,151,15,NA,NA,mm,fork,NA,NA,NA,NA
75C,Stora-Vidar,Salvelinus_alpinus,pelagic,NA,NA,NA,NA,NA,NA,NA,NA,NA,NA,NA,NA,NA,218,71,NA,NA,mm,fork,NA,NA,NA,NA
82C,StoreRennen,Salvelinus_alpinus,littoral/benthic,NA,22.7,126,NA,NA,NA,NA,NA,NA,NA,NA,NA,NA,119.66,130,15.28,SD,mm,fork,5.09,130,1.43,SD
82C,StoreRennen,Salvelinus_alpinus,pelagic,NA,22.5,96,NA,NA,NA,NA,NA,NA,NA,NA,NA,NA,96.24,108,8.31,SD,mm,fork,5.06,108,1.35,SD
128A,Stuora,Coregonus_lavaretus,pelagic,planktivore,34.82,128,0.18,SE,NA,NA,NA,NA,NA,NA,NA,NA,NA,NA,NA,NA,NA,NA,NA,NA,NA,NA
128A,Stuora,Coregonus_lavaretus,littoral/benthic,benthivore,24.71,130,0.2,SE,NA,NA,NA,NA,NA,NA,NA,NA,NA,NA,NA,NA,NA,NA,NA,NA,NA,NA
202A,Stuora,Coregonus_lavaretus,pelagic,planktivore,34.3,146,0.19,SE,NA,NA,NA,NA,NA,NA,NA,NA,NA,NA,NA,NA,NA,NA,NA,NA,NA,NA
202A,Stuora,Coregonus_lavaretus,littoral/benthic,benthivore,23.72,226,0.14,SE,NA,NA,NA,NA,NA,NA,NA,NA,NA,NA,NA,NA,NA,NA,NA,NA,NA,NA
210B,Stuora,Coregonus_lavaretus,pelagic,planktivore,33.05,NA,2.2,SD,NA,NA,NA,NA,NA,NA,NA,NA,NA,NA,NA,NA,NA,NA,NA,NA,NA,NA
210B,Stuora,Coregonus_lavaretus,littoral/benthic,benthivore,24,NA,1.95,SD,NA,NA,NA,NA,NA,NA,NA,NA,NA,NA,NA,NA,NA,NA,NA,NA,NA,NA
237A,Stuora,Coregonus_lavaretus,pelagic,planktivore,33.03,78,0.1,SE,NA,NA,NA,NA,NA,NA,NA,NA,NA,NA,NA,NA,NA,NA,NA,NA,NA,NA
237A,Stuora,Coregonus_lavaretus,littoral/benthic,benthivore,24,91,0.11,SE,NA,NA,NA,NA,NA,NA,NA,NA,NA,NA,NA,NA,NA,NA,NA,NA,NA,NA
249A,Stuora,Coregonus_lavaretus,pelagic,planktivore,34.64,99,2.07,SD,NA,NA,NA,NA,NA,NA,NA,NA,222,31,27,SD,mm,fork,9.1,NA,NA,"mean; sd=1.5, n=31"
249A,Stuora,Coregonus_lavaretus,littoral/benthic,benthivore,26.53,90,1.83,SD,NA,NA,NA,NA,NA,NA,NA,NA,225,28,27,SD,mm,fork,10.1,NA,NA,"mean; sd=1.6, n=28"
28A,Stuora,Coregonus_lavaretus,pelagic,planktivore,34.8,44,2.1,SD,NA,NA,NA,NA,NA,NA,NA,NA,220,44,28,SD,mm,total,NA,NA,NA,NA
28A,Stuora,Coregonus_lavaretus,littoral/benthic,benthivore,24.1,39,1.9,SD,NA,NA,NA,NA,NA,NA,NA,NA,210,39,53,SD,mm,total,NA,NA,NA,NA
28A,Stuora,Coregonus_lavaretus,profundal,benthivore,23.2,28,2.2,SD,NA,NA,NA,NA,NA,NA,NA,NA,197,28,37,SD,mm,total,NA,NA,NA,NA
104A,Suopat,Coregonus_lavaretus,littoral/benthic,benthivore,NA,NA,NA,NA,NA,NA,NA,NA,NA,NA,NA,NA,NA,NA,NA,NA,NA,NA,NA,NA,NA,NA
104A,Suopat,Coregonus_lavaretus,profundal,benthivore,NA,NA,NA,NA,NA,NA,NA,NA,NA,NA,NA,NA,NA,NA,NA,NA,NA,NA,NA,NA,NA,NA
108A,Suopat,Coregonus_lavaretus,pelagic,planktivore,39.96,65,2.71,SD,-28.52,25,0.14,SD,8.66,25,0.47,SD,NA,NA,NA,NA,NA,NA,NA,NA,NA,NA
108A,Suopat,Coregonus_lavaretus,littoral/benthic,benthivore,27.76,55,2.47,SD,-25.48,26,2.21,SD,7.8,26,0.54,SD,NA,NA,NA,NA,NA,NA,NA,NA,NA,NA
108A,Suopat,Coregonus_lavaretus,profundal,benthivore,25.31,21,3.9,SD,-29.89,22,1.51,SD,9.36,22,0.91,SD,NA,NA,NA,NA,NA,NA,NA,NA,NA,NA
128A,Suopat,Coregonus_lavaretus,pelagic,planktivore,40.11,36,0.4,SE,NA,NA,NA,NA,NA,NA,NA,NA,NA,NA,NA,NA,NA,NA,NA,NA,NA,NA
128A,Suopat,Coregonus_lavaretus,littoral/benthic,benthivore,27.83,49,0.41,SE,NA,NA,NA,NA,NA,NA,NA,NA,NA,NA,NA,NA,NA,NA,NA,NA,NA,NA
210B,Suopat,Coregonus_lavaretus,pelagic,planktivore,37.6,NA,2.65,SD,NA,NA,NA,NA,NA,NA,NA,NA,NA,NA,NA,NA,NA,NA,NA,NA,NA,NA
210B,Suopat,Coregonus_lavaretus,littoral/benthic,benthivore,26.45,NA,2.45,SD,NA,NA,NA,NA,NA,NA,NA,NA,NA,NA,NA,NA,NA,NA,NA,NA,NA,NA
237A,Suopat,Coregonus_lavaretus,pelagic,planktivore,34.61,87,0.24,SE,NA,NA,NA,NA,NA,NA,NA,NA,NA,NA,NA,NA,NA,NA,NA,NA,NA,NA
237A,Suopat,Coregonus_lavaretus,littoral/benthic,benthivore,26.04,101,0.21,SE,NA,NA,NA,NA,NA,NA,NA,NA,NA,NA,NA,NA,NA,NA,NA,NA,NA,NA
249A,Suopat,Coregonus_lavaretus,pelagic,planktivore,37.5,114,3.4,SD,NA,NA,NA,NA,NA,NA,NA,NA,202,20,9,SD,mm,fork,7.6,20,2.7,NA
249A,Suopat,Coregonus_lavaretus,littoral/benthic,benthivore,28.4,124,3,SD,NA,NA,NA,NA,NA,NA,NA,NA,205,27,2,SD,mm,fork,6,27,0.3,NA
28A,Suopat,Coregonus_lavaretus,pelagic,planktivore,40.7,38,2.6,SD,NA,NA,NA,NA,NA,NA,NA,NA,240,38,11,SD,mm,total,NA,NA,NA,NA
28A,Suopat,Coregonus_lavaretus,littoral/benthic,benthivore,28.2,34,2.1,SD,NA,NA,NA,NA,NA,NA,NA,NA,244,34,60,SD,mm,total,NA,NA,NA,NA
28A,Suopat,Coregonus_lavaretus,profundal,benthivore,23.7,15,3.3,SD,NA,NA,NA,NA,NA,NA,NA,NA,271,15,40,SD,mm,total,NA,NA,NA,NA
128B,Superior,Salvelinus_namaycush,pelagic,omnivore,NA,NA,NA,NA,NA,NA,NA,NA,NA,NA,NA,NA,479.3,72,7.9,SE,mm,total,NA,NA,NA,NA
128B,Superior,Salvelinus_namaycush,shallow,piscivore,NA,NA,NA,NA,NA,NA,NA,NA,NA,NA,NA,NA,500.5,142,7.3,SE,mm,total,NA,NA,NA,NA
128B,Superior,Salvelinus_namaycush,NA,NA,NA,NA,NA,NA,NA,NA,NA,NA,NA,NA,NA,NA,589.8,60,10.1,SE,mm,total,NA,NA,NA,NA
128B,Superior,Salvelinus_namaycush,profundal,piscivore,NA,NA,NA,NA,NA,NA,NA,NA,NA,NA,NA,NA,528.1,319,3.9,SE,mm,total,NA,NA,NA,NA
16C,Superior,Salvelinus_namaycush,pelagic,omnivore,NA,NA,NA,NA,NA,NA,NA,NA,NA,NA,NA,NA,450.99,77,44.95,SD,mm,total,NA,NA,NA,NA
16C,Superior,Salvelinus_namaycush,shallow,piscivore,NA,NA,NA,NA,NA,NA,NA,NA,NA,NA,NA,NA,547.08,150,85.62,SD,mm,total,NA,NA,NA,NA
16C,Superior,Salvelinus_namaycush,NA,NA,NA,NA,NA,NA,NA,NA,NA,NA,NA,NA,NA,NA,574.28,116,103.46,SD,mm,total,NA,NA,NA,NA
16C,Superior,Salvelinus_namaycush,profundal,piscivore,NA,NA,NA,NA,NA,NA,NA,NA,NA,NA,NA,NA,598.2,158,120.63,SD,mm,total,NA,NA,NA,NA
33B,Superior,Salvelinus_namaycush,shallow,piscivore,NA,NA,NA,NA,NA,NA,NA,NA,NA,NA,NA,NA,547,94,98,SD,mm,total,NA,NA,NA,NA
33B,Superior,Salvelinus_namaycush,profundal,piscivore,NA,NA,NA,NA,NA,NA,NA,NA,NA,NA,NA,NA,508,100,139,SD,mm,total,NA,NA,NA,NA
50A,Superior,Salvelinus_namaycush,NA,NA,NA,NA,NA,NA,NA,NA,NA,NA,NA,NA,NA,NA,NA,NA,NA,NA,NA,NA,NA,NA,NA,NA
68C,Superior,Salvelinus_namaycush,shallow,piscivore,NA,NA,NA,NA,NA,NA,NA,NA,NA,NA,NA,NA,NA,NA,NA,NA,NA,NA,NA,NA,NA,NA
68C,Superior,Salvelinus_namaycush,profundal,piscivore,NA,NA,NA,NA,NA,NA,NA,NA,NA,NA,NA,NA,NA,NA,NA,NA,NA,NA,NA,NA,NA,NA
49C,Svetlinskoe,Salvelinus_alpinus,NA,planktivore,NA,NA,NA,NA,NA,NA,NA,NA,NA,NA,NA,NA,129.22,132,22.41,SD,mm,fork,5.46,132,2.73,SD
49C,Svetlinskoe,Salvelinus_alpinus,NA,planktivore,NA,NA,NA,NA,NA,NA,NA,NA,NA,NA,NA,NA,315.54,64,36.98,SD,mm,fork,14.19,64,3.52,SD
73A,Svetlinskoe,Salvelinus_alpinus,NA,planktivore,NA,NA,NA,NA,NA,NA,NA,NA,NA,NA,NA,NA,142.52,28,18.45,SD,mm,fork,NA,NA,NA,NA
73A,Svetlinskoe,Salvelinus_alpinus,NA,planktivore,NA,NA,NA,NA,NA,NA,NA,NA,NA,NA,NA,NA,328.92,37,30.9,SD,mm,fork,NA,NA,NA,NA
118A,Svina,Salvelinus_alpinus,NA,NA,NA,NA,NA,NA,NA,NA,NA,NA,NA,NA,NA,NA,NA,NA,NA,NA,NA,NA,NA,NA,NA,NA
118A,Svina,Salvelinus_alpinus,NA,NA,NA,NA,NA,NA,NA,NA,NA,NA,NA,NA,NA,NA,NA,NA,NA,NA,NA,NA,NA,NA,NA,NA
118A,Svina,Salvelinus_alpinus,NA,NA,NA,NA,NA,NA,NA,NA,NA,NA,NA,NA,NA,NA,NA,NA,NA,NA,NA,NA,NA,NA,NA,NA
75C,Svina,Salvelinus_alpinus,NA,benthivore,NA,NA,NA,NA,NA,NA,NA,NA,NA,NA,NA,NA,247,22,NA,NA,mm,fork,NA,NA,NA,NA
75C,Svina,Salvelinus_alpinus,NA,piscivore,NA,NA,NA,NA,NA,NA,NA,NA,NA,NA,NA,NA,278,33,NA,NA,mm,fork,NA,NA,NA,NA
75C,Svina,Salvelinus_alpinus,NA,planktivore,NA,NA,NA,NA,NA,NA,NA,NA,NA,NA,NA,NA,221,54,NA,NA,mm,fork,NA,NA,NA,NA
5A,Tarn,Salvelinus_alpinus,littoral/benthic,omnivore,NA,NA,NA,NA,-27.3,48,2,SD,6.5,48,0.7,SD,206,97,56,SD,mm,NA,NA,NA,NA,NA
5A,Tarn,Salvelinus_alpinus,profundal,benthivore,NA,NA,NA,NA,-25.8,24,3.3,SD,8.8,24,0.8,SD,140,13,56,SD,mm,NA,NA,NA,NA,NA
5A,Tarn,Salvelinus_alpinus,profundal,piscivore,NA,NA,NA,NA,-25.3,21,2.3,SD,9.5,21,1.8,SD,260,18,118,SD,mm,NA,NA,NA,NA,NA
01C,Tasersuaq,Salvelinus_alpinus,littoral/benthic,benthivore,NA,NA,NA,NA,-22.84,14,1.96,SD,9.5,14,0.88,SD,245.7,20,117.54,SD,mm,total,NA,NA,NA,NA
01C,Tasersuaq,Salvelinus_alpinus,profundal,benthivore,NA,NA,NA,NA,-24.83,81,0.97,SD,10,81,0.45,SD,166.8,82,21.25,SD,mm,total,NA,NA,NA,NA
01C,Tasersuaq,Salvelinus_alpinus,NA,piscivore,NA,NA,NA,NA,-22.76,45,1.36,SD,11.8,45,0.63,SD,372.82,74,88.39,SD,mm,total,NA,NA,NA,NA
01C,Tasersuaq,Salvelinus_alpinus,NA,piscivore,NA,NA,NA,NA,-23.55,12,1.77,SD,11.03,12,1.32,SD,360.14,14,95.04,SD,mm,total,NA,NA,NA,NA
01C,Tasersuaq,Salvelinus_alpinus,pelagic,planktivore,NA,NA,NA,NA,-25.01,36,0.89,SD,8.11,36,0.74,SD,223.38,40,43.68,SD,mm,total,NA,NA,NA,NA
122A,Tay,Salvelinus_alpinus,pelagic,planktivore,NA,NA,NA,NA,NA,NA,NA,NA,NA,NA,NA,NA,NA,NA,NA,NA,NA,NA,3.6,76,1.4,SE
122A,Tay,Salvelinus_alpinus,littoral/benthic,benthivore,NA,NA,NA,NA,NA,NA,NA,NA,NA,NA,NA,NA,NA,NA,NA,NA,NA,NA,3.6,44,0.9,SE
253A,Tay,Salvelinus_alpinus,pelagic,planktivore,NA,NA,NA,NA,-27.2,44,0.1,SE,10.7,44,0.1,SE,239.41,93,2.22,SE,mm,fork,NA,NA,NA,NA
253A,Tay,Salvelinus_alpinus,littoral/benthic,benthivore,NA,NA,NA,NA,-26.6,29,0.2,SE,11.9,29,0.2,SE,116.31,46,2.36,SE,mm,fork,NA,NA,NA,NA
108B,Temiscouata,Coregonus_clupeaformis,pelagic,NA,NA,NA,NA,NA,NA,NA,NA,NA,NA,NA,NA,NA,NA,NA,NA,NA,NA,NA,NA,NA,NA,NA
108B,Temiscouata,Coregonus_clupeaformis,littoral/benthic,NA,NA,NA,NA,NA,NA,NA,NA,NA,NA,NA,NA,NA,NA,NA,NA,NA,NA,NA,NA,NA,NA,NA
20C,Temiscouata,Coregonus_clupeaformis,pelagic,NA,22.6,5,3.51,SD,NA,NA,NA,NA,NA,NA,NA,NA,210.4,5,9,SD,mm,NA,NA,NA,NA,NA
20C,Temiscouata,Coregonus_clupeaformis,littoral/benthic,NA,22.8,5,0.45,SD,NA,NA,NA,NA,NA,NA,NA,NA,265.6,5,50,SD,mm,NA,NA,NA,NA,NA
285A,Temiscouata,Coregonus_clupeaformis,pelagic,NA,25.3,34,1.3,SD,NA,NA,NA,NA,NA,NA,NA,NA,188.3,NA,5.8,SD,mm,fork,NA,NA,NA,NA
285A,Temiscouata,Coregonus_clupeaformis,littoral/benthic,NA,24.6,25,1.4,SD,NA,NA,NA,NA,NA,NA,NA,NA,237.5,NA,24.3,SD,mm,fork,NA,NA,NA,NA
141B,Thingvalla,Salvelinus_alpinus,littoral/benthic,benthivore,NA,NA,NA,NA,NA,NA,NA,NA,NA,NA,NA,NA,NA,NA,NA,NA,NA,NA,NA,NA,NA,NA
141B,Thingvalla,Salvelinus_alpinus,pelagic,planktivore,NA,NA,NA,NA,NA,NA,NA,NA,NA,NA,NA,NA,NA,NA,NA,NA,NA,NA,NA,NA,NA,NA
141B,Thingvalla,Salvelinus_alpinus,littoral/benthic,benthivore,NA,NA,NA,NA,NA,NA,NA,NA,NA,NA,NA,NA,NA,NA,NA,NA,NA,NA,NA,NA,NA,NA
18A,Thingvalla,Salvelinus_alpinus,pelagic,planktivore,NA,NA,NA,NA,-24.19,349,3.84,SD,6.07,349,0.43,SD,170.4,349,37.2,SD,mm,fork,5.33,349,1.33,SD
18A,Thingvalla,Salvelinus_alpinus,littoral/benthic,benthivore,NA,NA,NA,NA,-13.87,300,3.73,SD,5.97,300,0.7,SD,132.1,300,35.1,SD,mm,fork,3.82,300,1.95,SD
214A,Thingvalla,Salvelinus_alpinus,littoral/benthic,benthivore,NA,NA,NA,NA,NA,NA,NA,NA,NA,NA,NA,NA,NA,NA,NA,NA,NA,NA,NA,NA,NA,NA
320A,Thingvalla,Salvelinus_alpinus,littoral/benthic,benthivore,25.9,NA,0.212,SE,NA,NA,NA,NA,NA,NA,NA,NA,NA,NA,NA,NA,NA,NA,NA,NA,NA,NA
320A,Thingvalla,Salvelinus_alpinus,NA,piscivore,26.8,NA,0.19,SE,NA,NA,NA,NA,NA,NA,NA,NA,NA,NA,NA,NA,NA,NA,NA,NA,NA,NA
320A,Thingvalla,Salvelinus_alpinus,pelagic,planktivore,27.4,NA,0.101,SE,NA,NA,NA,NA,NA,NA,NA,NA,NA,NA,NA,NA,NA,NA,NA,NA,NA,NA
320A,Thingvalla,Salvelinus_alpinus,littoral/benthic,benthivore,24.3,NA,0.162,SE,NA,NA,NA,NA,NA,NA,NA,NA,NA,NA,NA,NA,NA,NA,NA,NA,NA,NA
324A,Thingvalla,Salvelinus_alpinus,littoral/benthic,benthivore,25.9,58,0.21,SE,NA,NA,NA,NA,NA,NA,NA,NA,NA,NA,NA,NA,NA,NA,4.28,302,2.56,SD
324A,Thingvalla,Salvelinus_alpinus,pelagic,planktivore,27.4,158,0.1,SE,NA,NA,NA,NA,NA,NA,NA,NA,NA,NA,NA,NA,NA,NA,5.18,1046,1.11,SD
324A,Thingvalla,Salvelinus_alpinus,littoral/benthic,benthivore,24.3,123,0.16,SE,NA,NA,NA,NA,NA,NA,NA,NA,NA,NA,NA,NA,NA,NA,4.95,450,1.65,SD
324A,Thingvalla,Salvelinus_alpinus,NA,piscivore,26.8,72,0.19,SE,NA,NA,NA,NA,NA,NA,NA,NA,NA,NA,NA,NA,NA,NA,NA,NA,NA,NA
94C,Thingvalla,Salvelinus_alpinus,littoral/benthic,benthivore,NA,NA,NA,NA,NA,NA,NA,NA,NA,NA,NA,NA,NA,NA,NA,NA,NA,NA,NA,NA,NA,NA
94C,Thingvalla,Salvelinus_alpinus,pelagic,planktivore,NA,NA,NA,NA,NA,NA,NA,NA,NA,NA,NA,NA,NA,NA,NA,NA,NA,NA,NA,NA,NA,NA
94C,Thingvalla,Salvelinus_alpinus,NA,piscivore,NA,NA,NA,NA,NA,NA,NA,NA,NA,NA,NA,NA,NA,NA,NA,NA,NA,NA,NA,NA,NA,NA
94C,Thingvalla,Salvelinus_alpinus,littoral/benthic,benthivore,NA,NA,NA,NA,NA,NA,NA,NA,NA,NA,NA,NA,NA,NA,NA,NA,NA,NA,NA,NA,NA,NA
01C,Timerliit2,Salvelinus_alpinus,NA,omnivore,NA,NA,NA,NA,-24.79,27,0.9,SD,9.2,27,1.02,SD,271.11,27,25.87,SD,mm,total,NA,NA,NA,NA
01C,Timerliit2,Salvelinus_alpinus,littoral/benthic,benthivore,NA,NA,NA,NA,-25.43,6,1.09,SD,8.5,6,0.58,SD,236.83,6,61.76,SD,mm,total,NA,NA,NA,NA
01C,Timerliit2,Salvelinus_alpinus,NA,piscivore,NA,NA,NA,NA,-24.02,12,1.12,SD,10.68,12,0.81,SD,332.83,12,27.52,SD,mm,total,NA,NA,NA,NA
01D,Tinnsjoen,Salvelinus_alpinus,profundal,NA,NA,NA,NA,NA,NA,NA,NA,NA,NA,NA,NA,NA,NA,NA,NA,NA,NA,NA,6.81,25,4.07,SD
01D,Tinnsjoen,Salvelinus_alpinus,profundal,NA,NA,NA,NA,NA,NA,NA,NA,NA,NA,NA,NA,NA,NA,NA,NA,NA,NA,NA,5.66,30,2.73,SD
01D,Tinnsjoen,Salvelinus_alpinus,profundal,piscivore,NA,NA,NA,NA,NA,NA,NA,NA,NA,NA,NA,NA,NA,NA,NA,NA,NA,NA,8.06,35,3.89,SD
01D,Tinnsjoen,Salvelinus_alpinus,generalist,planktivore,NA,NA,NA,NA,NA,NA,NA,NA,NA,NA,NA,NA,NA,NA,NA,NA,NA,NA,2.97,55,1.83,SD
38C,Tjaerebukta,Coregonus_lavaretus,pelagic,planktivore,NA,NA,NA,NA,NA,NA,NA,NA,NA,NA,NA,NA,156.99,2,NA,SD,mm,fork,NA,NA,NA,NA
38C,Tjaerebukta,Coregonus_lavaretus,littoral/benthic,benthivore,NA,NA,NA,NA,NA,NA,NA,NA,NA,NA,NA,NA,137.78,27,55.87,SD,mm,fork,NA,NA,NA,NA
96A,Tjaerebukta,Coregonus_lavaretus,pelagic,planktivore,34.5,45,0.3,SE,-25.04,34,0.89,SD,9.43,34,0.39,SD,NA,NA,NA,NA,NA,NA,NA,NA,NA,NA
96A,Tjaerebukta,Coregonus_lavaretus,littoral/benthic,benthivore,24.1,39,0.3,SE,-22.93,29,0.74,SD,8.09,29,0.3,SD,NA,NA,NA,NA,NA,NA,NA,NA,NA,NA
96A,Tjaerebukta,Coregonus_lavaretus,profundal,benthivore,20.7,25,0.4,SE,-27.81,25,0.81,SD,8.62,25,0.25,SD,NA,NA,NA,NA,NA,NA,NA,NA,NA,NA
264A,Tokko,Salvelinus_alpinus,NA,generalist invertivore,NA,NA,NA,NA,NA,NA,NA,NA,NA,NA,NA,NA,NA,NA,NA,NA,NA,NA,NA,NA,NA,NA
264A,Tokko,Salvelinus_alpinus,NA,generalist invertivore,NA,NA,NA,NA,NA,NA,NA,NA,NA,NA,NA,NA,NA,NA,NA,NA,NA,NA,NA,NA,NA,NA
49C,Tokko,Salvelinus_alpinus,NA,generalist invertivore,NA,NA,NA,NA,NA,NA,NA,NA,NA,NA,NA,NA,157.01,91,22.37,SD,mm,fork,7.78,91,3.09,SD
49C,Tokko,Salvelinus_alpinus,NA,piscivore,NA,NA,NA,NA,NA,NA,NA,NA,NA,NA,NA,NA,454.26,10,63.91,SD,mm,fork,15.26,10,1.99,SD
49C,Tokko,Salvelinus_alpinus,NA,generalist invertivore,NA,NA,NA,NA,NA,NA,NA,NA,NA,NA,NA,NA,291.07,112,33.83,SD,mm,fork,9.93,112,3.09,SD
73A,Tokko,Salvelinus_alpinus,NA,generalist invertivore,NA,NA,NA,NA,NA,NA,NA,NA,NA,NA,NA,NA,158.27,74,18.66,SD,mm,fork,NA,NA,NA,NA
73A,Tokko,Salvelinus_alpinus,NA,piscivore,NA,NA,NA,NA,NA,NA,NA,NA,NA,NA,NA,NA,433.11,6,62.42,SD,mm,fork,NA,NA,NA,NA
73A,Tokko,Salvelinus_alpinus,NA,generalist invertivore,NA,NA,NA,NA,NA,NA,NA,NA,NA,NA,NA,NA,302.52,55,27,SD,mm,fork,NA,NA,NA,NA
03C,Topolovoe,Salvelinus_malma,NA,piscivore,NA,NA,NA,NA,NA,NA,NA,NA,NA,NA,NA,NA,382,10,7,SE,mm,fork,8.3,10,0.26,SE
03C,Topolovoe,Salvelinus_malma,NA,generalist invertivore,NA,NA,NA,NA,NA,NA,NA,NA,NA,NA,NA,NA,249,84,30.9,SE,mm,fork,5.8,79,0.12,SE
128A,Vaggatem,Coregonus_lavaretus,pelagic,planktivore,34.53,66,0.34,SE,NA,NA,NA,NA,NA,NA,NA,NA,NA,NA,NA,NA,NA,NA,NA,NA,NA,NA
128A,Vaggatem,Coregonus_lavaretus,littoral/benthic,benthivore,23.21,79,0.3,SE,NA,NA,NA,NA,NA,NA,NA,NA,NA,NA,NA,NA,NA,NA,NA,NA,NA,NA
14B,Vaggatem,Coregonus_lavaretus,pelagic,planktivore,33,3,2,SD,-24.69,3,0.47,SD,6.52,3,0.48,SD,127,3,31.08,SD,mm,total,NA,NA,NA,NA
14B,Vaggatem,Coregonus_lavaretus,generalist,generalist invertivore,32.33,3,4.04,SD,-22.23,3,0.9,SD,8.41,3,0.32,SD,291.72,3,13.28,SD,mm,total,NA,NA,NA,NA
14B,Vaggatem,Coregonus_lavaretus,littoral/benthic,benthivore,24.33,3,3.79,SD,-22.06,3,0.84,SD,8.08,3,0.52,SD,356.87,3,34.83,SD,mm,total,NA,NA,NA,NA
14B,Vaggatem,Coregonus_lavaretus,profundal,benthivore,20,3,1,SD,-26.81,3,4.27,SD,8.55,3,0.92,SD,251.09,3,14.5,SD,mm,total,NA,NA,NA,NA
202A,Vaggatem,Coregonus_lavaretus,pelagic,planktivore,33.33,93,0.26,SE,NA,NA,NA,NA,NA,NA,NA,NA,NA,NA,NA,NA,NA,NA,NA,NA,NA,NA
202A,Vaggatem,Coregonus_lavaretus,littoral/benthic,benthivore,23.52,80,0.31,SE,NA,NA,NA,NA,NA,NA,NA,NA,NA,NA,NA,NA,NA,NA,NA,NA,NA,NA
210B,Vaggatem,Coregonus_lavaretus,pelagic,planktivore,33.65,NA,2.7,SD,NA,NA,NA,NA,NA,NA,NA,NA,NA,NA,NA,NA,NA,NA,NA,NA,NA,NA
210B,Vaggatem,Coregonus_lavaretus,littoral/benthic,benthivore,23.25,NA,2.5,SD,NA,NA,NA,NA,NA,NA,NA,NA,NA,NA,NA,NA,NA,NA,NA,NA,NA,NA
210B,Vaggatem,Coregonus_lavaretus,profundal,benthivore,21.7,NA,2.45,SD,NA,NA,NA,NA,NA,NA,NA,NA,NA,NA,NA,NA,NA,NA,NA,NA,NA,NA
35C,Vaggatem,Coregonus_lavaretus,pelagic,planktivore,NA,NA,NA,NA,NA,NA,NA,NA,NA,NA,NA,NA,NA,NA,NA,NA,NA,NA,NA,NA,NA,NA
35C,Vaggatem,Coregonus_lavaretus,littoral/benthic,benthivore,NA,NA,NA,NA,NA,NA,NA,NA,NA,NA,NA,NA,NA,NA,NA,NA,NA,NA,NA,NA,NA,NA
96C,Vangsvatnet,Salvelinus_alpinus,profundal,NA,25.2,NA,NA,NA,NA,NA,NA,NA,NA,NA,NA,NA,NA,NA,NA,NA,NA,NA,NA,NA,NA,NA
96C,Vangsvatnet,Salvelinus_alpinus,pelagic,NA,25.5,NA,NA,NA,NA,NA,NA,NA,NA,NA,NA,NA,NA,NA,NA,NA,NA,NA,NA,NA,NA,NA
97C,Vangsvatnet,Salvelinus_alpinus,profundal,NA,NA,NA,NA,NA,NA,NA,NA,NA,NA,NA,NA,NA,214.28,166,21.91,SD,mm,NA,3.25,317,1.61,SD
97C,Vangsvatnet,Salvelinus_alpinus,pelagic,NA,NA,NA,NA,NA,NA,NA,NA,NA,NA,NA,NA,NA,283,699,30.56,SD,mm,NA,4.13,1521,1.12,SD
18A,Vatnshlidar,Salvelinus_alpinus,littoral/benthic,NA,NA,NA,NA,NA,-25.65,123,0.79,SD,7.18,123,0.35,SD,165.92,123,28.39,SD,mm,fork,4.78,123,1.77,SD
18A,Vatnshlidar,Salvelinus_alpinus,littoral/benthic,NA,NA,NA,NA,NA,-24.03,489,1.3,SD,6.94,489,0.43,SD,203.94,489,52.42,SD,mm,fork,3.98,489,1.28,SD
283A,Vatnshlidar,Salvelinus_alpinus,littoral/benthic,NA,23.1,166,NA,NA,NA,NA,NA,NA,NA,NA,NA,NA,NA,NA,NA,NA,NA,NA,NA,NA,NA,NA
283A,Vatnshlidar,Salvelinus_alpinus,littoral/benthic,NA,22.2,281,NA,NA,NA,NA,NA,NA,NA,NA,NA,NA,NA,NA,NA,NA,NA,NA,NA,NA,NA,NA
75C,Vatnshlidar,Salvelinus_alpinus,littoral/benthic,NA,NA,NA,NA,NA,NA,NA,NA,NA,NA,NA,NA,NA,199,57,NA,NA,mm,fork,NA,NA,NA,NA
75C,Vatnshlidar,Salvelinus_alpinus,littoral/benthic,NA,NA,NA,NA,NA,NA,NA,NA,NA,NA,NA,NA,NA,211,52,NA,NA,mm,fork,NA,NA,NA,NA
202A,Vuoddas,Coregonus_lavaretus,pelagic,planktivore,36.69,114,0.25,SE,NA,NA,NA,NA,NA,NA,NA,NA,NA,NA,NA,NA,NA,NA,NA,NA,NA,NA
202A,Vuoddas,Coregonus_lavaretus,littoral/benthic,benthivore,24.56,76,0.28,SE,NA,NA,NA,NA,NA,NA,NA,NA,NA,NA,NA,NA,NA,NA,NA,NA,NA,NA
210B,Vuoddas,Coregonus_lavaretus,pelagic,planktivore,35.7,NA,2.45,SD,NA,NA,NA,NA,NA,NA,NA,NA,NA,NA,NA,NA,NA,NA,NA,NA,NA,NA
210B,Vuoddas,Coregonus_lavaretus,littoral/benthic,benthivore,24.65,NA,2.25,SD,NA,NA,NA,NA,NA,NA,NA,NA,NA,NA,NA,NA,NA,NA,NA,NA,NA,NA
237A,Vuoddas,Coregonus_lavaretus,pelagic,planktivore,36.32,213,0.24,SE,NA,NA,NA,NA,NA,NA,NA,NA,NA,NA,NA,NA,NA,NA,NA,NA,NA,NA
237A,Vuoddas,Coregonus_lavaretus,littoral/benthic,benthivore,24.81,78,0.26,SE,NA,NA,NA,NA,NA,NA,NA,NA,NA,NA,NA,NA,NA,NA,NA,NA,NA,NA
28A,Vuoddas,Coregonus_lavaretus,pelagic,planktivore,38,51,2.5,SD,NA,NA,NA,NA,NA,NA,NA,NA,130,51,21,SD,mm,total,NA,NA,NA,NA
28A,Vuoddas,Coregonus_lavaretus,littoral/benthic,benthivore,24.2,48,2.8,SD,NA,NA,NA,NA,NA,NA,NA,NA,194,48,37,SD,mm,total,NA,NA,NA,NA
28A,Vuoddas,Coregonus_lavaretus,profundal,benthivore,22,43,2.1,SD,NA,NA,NA,NA,NA,NA,NA,NA,208,43,39,SD,mm,total,NA,NA,NA,NA
104A,Vuolgamas,Coregonus_lavaretus,littoral/benthic,benthivore,NA,NA,NA,NA,NA,NA,NA,NA,NA,NA,NA,NA,NA,NA,NA,NA,NA,NA,NA,NA,NA,NA
104A,Vuolgamas,Coregonus_lavaretus,profundal,benthivore,NA,NA,NA,NA,NA,NA,NA,NA,NA,NA,NA,NA,NA,NA,NA,NA,NA,NA,NA,NA,NA,NA
108A,Vuolgamas,Coregonus_lavaretus,pelagic,planktivore,37.4,29,2.6,SD,-28.74,24,0.27,SD,8.82,24,0.43,SD,NA,NA,NA,NA,NA,NA,NA,NA,NA,NA
108A,Vuolgamas,Coregonus_lavaretus,littoral/benthic,benthivore,25.3,50,1.83,SD,-24.66,28,3.18,SD,8.58,28,0.67,SD,NA,NA,NA,NA,NA,NA,NA,NA,NA,NA
108A,Vuolgamas,Coregonus_lavaretus,profundal,benthivore,23.44,44,2.58,SD,-29.26,25,1.33,SD,9.76,25,0.17,SD,NA,NA,NA,NA,NA,NA,NA,NA,NA,NA
202A,Vuolgamas,Coregonus_lavaretus,pelagic,planktivore,37.34,79,0.34,SE,NA,NA,NA,NA,NA,NA,NA,NA,NA,NA,NA,NA,NA,NA,NA,NA,NA,NA
202A,Vuolgamas,Coregonus_lavaretus,littoral/benthic,benthivore,24.3,118,0.26,SE,NA,NA,NA,NA,NA,NA,NA,NA,NA,NA,NA,NA,NA,NA,NA,NA,NA,NA
210B,Vuolgamas,Coregonus_lavaretus,pelagic,planktivore,36.15,NA,3.05,SD,NA,NA,NA,NA,NA,NA,NA,NA,NA,NA,NA,NA,NA,NA,NA,NA,NA,NA
210B,Vuolgamas,Coregonus_lavaretus,littoral/benthic,benthivore,24.2,NA,2.4,SD,NA,NA,NA,NA,NA,NA,NA,NA,NA,NA,NA,NA,NA,NA,NA,NA,NA,NA
237A,Vuolgamas,Coregonus_lavaretus,pelagic,planktivore,37.2,82,0.31,SE,NA,NA,NA,NA,NA,NA,NA,NA,NA,NA,NA,NA,NA,NA,NA,NA,NA,NA
237A,Vuolgamas,Coregonus_lavaretus,littoral/benthic,benthivore,24.27,89,0.23,SE,NA,NA,NA,NA,NA,NA,NA,NA,NA,NA,NA,NA,NA,NA,NA,NA,NA,NA
28A,Vuolgamas,Coregonus_lavaretus,pelagic,planktivore,37.8,22,2.3,SD,NA,NA,NA,NA,NA,NA,NA,NA,223,22,26,SD,mm,total,NA,NA,NA,NA
28A,Vuolgamas,Coregonus_lavaretus,littoral/benthic,benthivore,25.3,50,1.7,SD,NA,NA,NA,NA,NA,NA,NA,NA,235,50,54,SD,mm,total,NA,NA,NA,NA
28A,Vuolgamas,Coregonus_lavaretus,profundal,benthivore,23.3,42,2.5,SD,NA,NA,NA,NA,NA,NA,NA,NA,220,42,54,SD,mm,total,NA,NA,NA,NA
126A,Walen,Coregonus_lavaretus,NA,NA,26.2,59,2.2,SD,-28.52,8,0.29,SD,6.82,7,0.55,SD,NA,NA,NA,NA,NA,NA,NA,NA,NA,NA
126A,Walen,Coregonus_lavaretus,NA,NA,35.4,133,1.9,SD,-28.14,10,0.24,SD,6.29,10,0.4,SD,NA,NA,NA,NA,NA,NA,NA,NA,NA,NA
37C,Walen,Coregonus_lavaretus,NA,NA,27.22,9,2.49,SD,NA,NA,NA,NA,NA,NA,NA,NA,NA,NA,NA,NA,NA,NA,NA,NA,NA,NA
37C,Walen,Coregonus_lavaretus,NA,NA,35.13,8,2.17,SD,NA,NA,NA,NA,NA,NA,NA,NA,NA,NA,NA,NA,NA,NA,NA,NA,NA,NA
108B,Webster,Coregonus_clupeaformis,pelagic,NA,NA,NA,NA,NA,NA,NA,NA,NA,NA,NA,NA,NA,NA,NA,NA,NA,NA,NA,NA,NA,NA,NA
108B,Webster,Coregonus_clupeaformis,littoral/benthic,NA,NA,NA,NA,NA,NA,NA,NA,NA,NA,NA,NA,NA,NA,NA,NA,NA,NA,NA,NA,NA,NA,NA
285A,Webster,Coregonus_clupeaformis,pelagic,NA,30.6,40,1.9,SD,NA,NA,NA,NA,NA,NA,NA,NA,213.3,NA,21.3,SD,mm,fork,NA,NA,NA,NA
285A,Webster,Coregonus_clupeaformis,littoral/benthic,NA,28,22,2.3,SD,NA,NA,NA,NA,NA,NA,NA,NA,306.2,NA,45.8,SD,mm,fork,NA,NA,NA,NA
126A,Zurich,Coregonus_lavaretus,NA,NA,28.8,11,2.1,SD,-28.34,9,0.66,SD,14.31,9,0.66,SD,NA,NA,NA,NA,NA,NA,NA,NA,NA,NA
126A,Zurich,Coregonus_lavaretus,NA,NA,37,7,2,SD,-27.68,6,0.29,SD,14.52,6,0.53,SD,NA,NA,NA,NA,NA,NA,NA,NA,NA,NA
156B,Zurich,Coregonus_lavaretus,NA,NA,NA,NA,NA,NA,NA,NA,NA,NA,NA,NA,NA,NA,387.8,21,5.8,SE,mm,NA,NA,NA,NA,NA
156B,Zurich,Coregonus_lavaretus,NA,NA,NA,NA,NA,NA,NA,NA,NA,NA,NA,NA,NA,NA,307.3,35,6,SE,mm,NA,NA,NA,NA,NA
37C,Zurich,Coregonus_lavaretus,NA,NA,28.82,11,2.09,SD,NA,NA,NA,NA,NA,NA,NA,NA,NA,NA,NA,NA,NA,NA,NA,NA,NA,NA
37C,Zurich,Coregonus_lavaretus,NA,NA,37,7,2,SD,NA,NA,NA,NA,NA,NA,NA,NA,NA,NA,NA,NA,NA,NA,NA,NA,NA,NA
